contacts,contacts1,contacts2,contacts3,contacts4,contacts5,contacts6,contacts7,newtype,newmarket
0.0,0.0,0.0,0.0,0.0,0.0,0.0,0.0,type_4,market_1
0.0,0.0,0.0,0.0,0.0,0.0,0.0,0.0,type_3,market_2
166.0,12.0,13.0,7.0,8.0,2.0,1.0,5.0,type_5,market_1
2.0,0.0,0.0,0.0,0.0,0.0,0.0,0.0,type_1,market_2
7.0,0.0,0.0,0.0,0.0,0.0,0.0,1.0,type_3,market_1
2.0,0.0,1.0,0.0,0.0,1.0,0.0,0.0,type_1,market_3
97.0,3.0,5.0,3.0,2.0,3.0,1.0,2.0,type_2,market_1
7.0,0.0,0.0,1.0,0.0,0.0,0.0,0.0,type_2,market_3
20.0,3.0,1.0,0.0,0.0,0.0,1.0,0.0,type_5,market_2
0.0,0.0,0.0,0.0,0.0,0.0,0.0,0.0,type_4,market_2
31.0,2.0,0.0,1.0,3.0,0.0,2.0,0.0,type_5,market_3
21.0,2.0,4.0,0.0,0.0,1.0,1.0,0.0,type_2,market_2
30.0,6.0,0.0,1.0,2.0,0.0,1.0,0.0,type_1,market_1
2.0,0.0,1.0,1.0,1.0,0.0,0.0,0.0,type_3,market_3
1.0,0.0,0.0,0.0,0.0,0.0,0.0,0.0,type_4,market_3
0.0,0.0,0.0,0.0,0.0,0.0,0.0,0.0,type_4,market_3
4.0,0.0,0.0,1.0,0.0,0.0,0.0,0.0,type_1,market_2
14.0,0.0,0.0,2.0,0.0,0.0,0.0,0.0,type_2,market_3
12.0,1.0,2.0,1.0,3.0,0.0,0.0,0.0,type_2,market_2
1.0,0.0,0.0,0.0,0.0,0.0,0.0,0.0,type_4,market_1
141.0,17.0,8.0,14.0,6.0,3.0,0.0,4.0,type_5,market_1
32.0,1.0,0.0,7.0,2.0,0.0,0.0,0.0,type_5,market_3
11.0,0.0,0.0,0.0,0.0,0.0,0.0,1.0,type_1,market_3
39.0,2.0,2.0,2.0,0.0,2.0,2.0,2.0,type_1,market_1
111.0,8.0,5.0,5.0,1.0,5.0,2.0,2.0,type_2,market_1
22.0,2.0,1.0,2.0,0.0,0.0,0.0,0.0,type_5,market_2
7.0,0.0,0.0,3.0,1.0,0.0,0.0,0.0,type_3,market_1
2.0,0.0,0.0,0.0,0.0,0.0,0.0,0.0,type_3,market_3
62.0,7.0,6.0,8.0,5.0,4.0,0.0,1.0,type_5,market_3
259.0,25.0,16.0,11.0,6.0,8.0,4.0,11.0,type_5,market_1
10.0,2.0,2.0,0.0,0.0,0.0,1.0,0.0,type_3,market_3
1.0,0.0,0.0,0.0,0.0,0.0,0.0,0.0,type_4,market_2
66.0,3.0,3.0,4.0,6.0,2.0,1.0,2.0,type_2,market_2
32.0,2.0,0.0,1.0,4.0,0.0,0.0,1.0,type_5,market_2
5.0,0.0,0.0,0.0,0.0,0.0,0.0,0.0,type_3,market_2
12.0,0.0,0.0,1.0,0.0,0.0,0.0,0.0,type_1,market_2
6.0,0.0,1.0,0.0,0.0,0.0,0.0,0.0,type_4,market_1
46.0,1.0,3.0,2.0,0.0,0.0,0.0,0.0,type_2,market_3
395.0,18.0,23.0,9.0,7.0,6.0,7.0,9.0,type_2,market_1
18.0,1.0,2.0,1.0,0.0,1.0,0.0,0.0,type_3,market_1
55.0,3.0,6.0,0.0,5.0,2.0,4.0,4.0,type_1,market_1
15.0,0.0,0.0,2.0,1.0,0.0,0.0,0.0,type_1,market_3
48.0,7.0,4.0,2.0,0.0,0.0,1.0,2.0,type_2,market_2
0.0,1.0,0.0,0.0,0.0,0.0,0.0,0.0,type_4,market_2
28.0,1.0,0.0,0.0,0.0,0.0,1.0,2.0,type_2,market_3
207.0,27.0,10.0,12.0,18.0,13.0,5.0,8.0,type_5,market_1
7.0,0.0,4.0,0.0,0.0,0.0,0.0,0.0,type_1,market_3
4.0,1.0,0.0,1.0,0.0,0.0,0.0,0.0,type_4,market_1
33.0,3.0,0.0,1.0,0.0,0.0,0.0,0.0,type_5,market_2
8.0,3.0,3.0,0.0,0.0,0.0,0.0,1.0,type_3,market_3
15.0,2.0,3.0,1.0,0.0,0.0,1.0,2.0,type_3,market_1
8.0,1.0,1.0,0.0,0.0,0.0,0.0,0.0,type_1,market_2
343.0,19.0,10.0,10.0,6.0,0.0,13.0,10.0,type_2,market_1
60.0,4.0,11.0,6.0,2.0,1.0,1.0,2.0,type_5,market_3
44.0,4.0,4.0,3.0,0.0,1.0,3.0,2.0,type_1,market_1
131.0,25.0,3.0,1.0,0.0,3.0,3.0,2.0,type_5,market_3
25.0,1.0,2.0,0.0,0.0,1.0,1.0,1.0,type_3,market_3
12.0,3.0,0.0,1.0,0.0,1.0,0.0,0.0,type_1,market_3
280.0,5.0,9.0,2.0,6.0,7.0,3.0,7.0,type_2,market_1
4.0,0.0,0.0,0.0,0.0,0.0,0.0,0.0,type_4,market_1
11.0,2.0,0.0,0.0,0.0,0.0,0.0,0.0,type_1,market_2
39.0,3.0,1.0,0.0,0.0,0.0,0.0,0.0,type_2,market_2
17.0,3.0,1.0,0.0,1.0,0.0,1.0,0.0,type_3,market_1
210.0,26.0,18.0,9.0,8.0,17.0,7.0,5.0,type_5,market_1
29.0,2.0,3.0,0.0,0.0,0.0,0.0,0.0,type_5,market_2
32.0,1.0,0.0,1.0,0.0,0.0,0.0,0.0,type_2,market_3
52.0,3.0,1.0,1.0,6.0,3.0,0.0,2.0,type_1,market_1
214.0,27.0,16.0,12.0,15.0,12.0,6.0,6.0,type_5,market_1
33.0,3.0,1.0,1.0,1.0,4.0,1.0,4.0,type_2,market_3
26.0,1.0,0.0,1.0,1.0,2.0,0.0,1.0,type_1,market_3
22.0,1.0,0.0,0.0,0.0,0.0,0.0,1.0,type_5,market_2
29.0,5.0,0.0,0.0,0.0,0.0,0.0,0.0,type_2,market_2
43.0,4.0,2.0,2.0,3.0,0.0,4.0,0.0,type_1,market_1
2.0,0.0,0.0,0.0,1.0,0.0,0.0,0.0,type_4,market_3
14.0,1.0,1.0,0.0,1.0,0.0,2.0,3.0,type_3,market_3
242.0,11.0,5.0,1.0,8.0,4.0,2.0,5.0,type_2,market_1
0.0,1.0,0.0,0.0,0.0,0.0,0.0,0.0,type_4,market_1
11.0,1.0,1.0,1.0,0.0,0.0,2.0,0.0,type_3,market_1
344.0,11.0,10.0,1.0,4.0,12.0,5.0,5.0,type_5,market_3
8.0,0.0,0.0,0.0,0.0,0.0,1.0,0.0,type_1,market_2
13.0,0.0,0.0,1.0,0.0,1.0,1.0,1.0,type_1,market_3
31.0,0.0,0.0,0.0,0.0,0.0,1.0,0.0,type_2,market_3
214.0,22.0,16.0,14.0,13.0,4.0,9.0,12.0,type_5,market_1
31.0,0.0,1.0,1.0,2.0,2.0,1.0,2.0,type_5,market_2
9.0,2.0,0.0,3.0,1.0,0.0,2.0,0.0,type_3,market_3
75.0,6.0,3.0,11.0,7.0,6.0,6.0,4.0,type_5,market_3
0.0,0.0,0.0,1.0,0.0,0.0,0.0,0.0,type_4,market_3
228.0,12.0,7.0,4.0,8.0,6.0,5.0,4.0,type_2,market_1
7.0,0.0,0.0,0.0,0.0,0.0,0.0,1.0,type_4,market_1
13.0,0.0,0.0,0.0,1.0,2.0,0.0,1.0,type_3,market_1
29.0,0.0,1.0,0.0,0.0,1.0,1.0,1.0,type_2,market_2
5.0,0.0,0.0,0.0,0.0,1.0,0.0,0.0,type_1,market_2
45.0,6.0,3.0,2.0,4.0,2.0,2.0,0.0,type_1,market_1
1.0,0.0,0.0,0.0,0.0,0.0,0.0,0.0,type_3,market_2
1.0,4.0,1.0,0.0,0.0,0.0,0.0,0.0,type_1,market_2
20.0,0.0,0.0,0.0,0.0,0.0,0.0,0.0,type_2,market_2
9.0,1.0,1.0,0.0,3.0,1.0,2.0,0.0,type_3,market_1
5.0,0.0,0.0,0.0,1.0,1.0,1.0,0.0,type_1,market_3
112.0,5.0,8.0,4.0,3.0,6.0,4.0,5.0,type_2,market_1
21.0,2.0,1.0,0.0,2.0,1.0,1.0,0.0,type_5,market_2
7.0,0.0,1.0,0.0,2.0,0.0,2.0,1.0,type_3,market_3
16.0,0.0,0.0,0.0,0.0,0.0,0.0,0.0,type_2,market_3
164.0,18.0,16.0,15.0,3.0,3.0,3.0,1.0,type_5,market_1
0.0,0.0,1.0,0.0,0.0,0.0,0.0,0.0,type_4,market_3
36.0,3.0,7.0,6.0,3.0,3.0,3.0,1.0,type_5,market_3
41.0,4.0,2.0,3.0,0.0,0.0,0.0,0.0,type_1,market_1
5.0,0.0,0.0,0.0,0.0,0.0,0.0,0.0,type_1,market_2
36.0,8.0,7.0,3.0,5.0,3.0,3.0,1.0,type_5,market_3
2.0,0.0,0.0,0.0,0.0,0.0,0.0,0.0,type_4,market_1
6.0,1.0,0.0,0.0,0.0,0.0,0.0,0.0,type_2,market_2
34.0,2.0,3.0,1.0,1.0,0.0,0.0,0.0,type_1,market_1
11.0,0.0,1.0,0.0,1.0,0.0,1.0,2.0,type_2,market_3
4.0,0.0,1.0,0.0,1.0,1.0,0.0,0.0,type_1,market_3
13.0,0.0,0.0,0.0,0.0,2.0,0.0,0.0,type_5,market_2
165.0,24.0,13.0,4.0,7.0,2.0,6.0,4.0,type_5,market_1
1.0,1.0,0.0,0.0,0.0,0.0,0.0,0.0,type_3,market_2
0.0,1.0,0.0,0.0,0.0,0.0,0.0,0.0,type_4,market_3
2.0,1.0,0.0,2.0,0.0,1.0,0.0,0.0,type_3,market_3
5.0,1.0,0.0,1.0,0.0,0.0,0.0,0.0,type_3,market_1
107.0,3.0,7.0,8.0,5.0,1.0,3.0,3.0,type_2,market_1
7.0,0.0,1.0,0.0,0.0,0.0,0.0,0.0,type_3,market_2
12.0,1.0,4.0,4.0,1.0,1.0,1.0,0.0,type_3,market_3
4.0,0.0,0.0,1.0,1.0,0.0,1.0,0.0,type_1,market_3
14.0,0.0,0.0,1.0,0.0,0.0,0.0,0.0,type_3,market_1
66.0,13.0,4.0,10.0,6.0,5.0,3.0,1.0,type_5,market_3
8.0,0.0,0.0,0.0,0.0,0.0,0.0,0.0,type_1,market_2
21.0,1.0,0.0,0.0,0.0,0.0,1.0,1.0,type_2,market_3
223.0,28.0,12.0,5.0,11.0,7.0,3.0,8.0,type_5,market_1
44.0,3.0,1.0,1.0,2.0,0.0,4.0,0.0,type_1,market_1
240.0,7.0,8.0,13.0,7.0,2.0,4.0,2.0,type_2,market_1
37.0,0.0,1.0,1.0,0.0,0.0,0.0,0.0,type_2,market_2
26.0,1.0,4.0,1.0,0.0,0.0,0.0,1.0,type_5,market_2
7.0,2.0,1.0,2.0,0.0,0.0,0.0,0.0,type_3,market_3
64.0,9.0,9.0,8.0,4.0,4.0,1.0,1.0,type_5,market_3
263.0,28.0,9.0,13.0,8.0,5.0,12.0,8.0,type_5,market_1
14.0,1.0,2.0,1.0,2.0,0.0,1.0,0.0,type_3,market_1
24.0,2.0,0.0,0.0,1.0,1.0,0.0,1.0,type_2,market_3
33.0,4.0,0.0,1.0,0.0,0.0,0.0,0.0,type_5,market_2
22.0,2.0,1.0,0.0,0.0,0.0,0.0,0.0,type_2,market_2
4.0,1.0,0.0,0.0,0.0,0.0,0.0,0.0,type_1,market_2
2.0,0.0,0.0,0.0,0.0,1.0,0.0,0.0,type_4,market_1
3.0,2.0,1.0,2.0,0.0,1.0,0.0,0.0,type_1,market_3
28.0,6.0,0.0,1.0,3.0,0.0,0.0,3.0,type_1,market_1
261.0,13.0,12.0,6.0,4.0,2.0,13.0,5.0,type_2,market_1
29.0,3.0,2.0,0.0,0.0,0.0,0.0,1.0,type_2,market_2
6.0,0.0,0.0,0.0,0.0,0.0,0.0,1.0,type_1,market_2
27.0,1.0,1.0,0.0,0.0,0.0,0.0,2.0,type_5,market_2
288.0,25.0,12.0,6.0,6.0,16.0,7.0,7.0,type_5,market_1
2.0,1.0,0.0,0.0,0.0,0.0,0.0,0.0,type_4,market_1
280.0,18.0,17.0,2.0,3.0,6.0,7.0,6.0,type_2,market_1
11.0,3.0,2.0,1.0,1.0,0.0,0.0,0.0,type_3,market_3
50.0,1.0,1.0,2.0,0.0,0.0,0.0,1.0,type_2,market_3
19.0,3.0,1.0,0.0,0.0,0.0,1.0,3.0,type_3,market_1
49.0,1.0,4.0,0.0,0.0,1.0,1.0,1.0,type_1,market_1
11.0,1.0,2.0,0.0,1.0,0.0,0.0,0.0,type_1,market_3
54.0,7.0,9.0,2.0,3.0,3.0,1.0,3.0,type_5,market_3
22.0,6.0,1.0,0.0,0.0,0.0,1.0,0.0,type_5,market_2
2.0,0.0,0.0,0.0,0.0,0.0,0.0,0.0,type_4,market_3
74.0,4.0,3.0,2.0,0.0,0.0,0.0,2.0,type_2,market_3
4.0,1.0,0.0,1.0,1.0,0.0,0.0,0.0,type_4,market_1
246.0,23.0,11.0,9.0,7.0,6.0,6.0,2.0,type_5,market_1
299.0,13.0,4.0,2.0,7.0,6.0,3.0,4.0,type_2,market_1
19.0,4.0,3.0,1.0,0.0,3.0,0.0,1.0,type_3,market_1
190.0,15.0,3.0,2.0,2.0,3.0,7.0,5.0,type_5,market_3
32.0,4.0,4.0,2.0,1.0,1.0,2.0,1.0,type_1,market_1
31.0,1.0,0.0,0.0,0.0,0.0,0.0,0.0,type_2,market_2
24.0,4.0,0.0,0.0,0.0,1.0,0.0,1.0,type_3,market_3
9.0,3.0,0.0,1.0,0.0,0.0,0.0,0.0,type_1,market_3
4.0,0.0,1.0,0.0,0.0,0.0,0.0,0.0,type_1,market_2
250.0,13.0,8.0,7.0,5.0,2.0,6.0,8.0,type_5,market_1
11.0,0.0,0.0,0.0,0.0,0.0,0.0,0.0,type_1,market_3
34.0,2.0,0.0,2.0,0.0,0.0,0.0,1.0,type_2,market_3
5.0,0.0,0.0,0.0,0.0,0.0,2.0,0.0,type_1,market_2
197.0,11.0,3.0,1.0,2.0,4.0,2.0,7.0,type_5,market_3
34.0,1.0,0.0,0.0,0.0,0.0,0.0,0.0,type_5,market_2
5.0,0.0,0.0,0.0,0.0,0.0,0.0,0.0,type_4,market_1
1.0,0.0,0.0,1.0,0.0,0.0,0.0,0.0,type_4,market_3
28.0,2.0,0.0,0.0,0.0,0.0,0.0,0.0,type_2,market_2
25.0,2.0,1.0,1.0,0.0,0.0,1.0,0.0,type_1,market_1
17.0,0.0,1.0,0.0,1.0,1.0,2.0,1.0,type_3,market_1
219.0,3.0,1.0,10.0,10.0,8.0,6.0,7.0,type_2,market_1
23.0,2.0,0.0,0.0,4.0,0.0,0.0,0.0,type_3,market_3
44.0,4.0,1.0,3.0,3.0,1.0,1.0,0.0,type_5,market_3
4.0,0.0,0.0,2.0,0.0,0.0,0.0,0.0,type_3,market_3
22.0,1.0,1.0,0.0,2.0,0.0,1.0,1.0,type_5,market_2
7.0,2.0,0.0,1.0,0.0,0.0,0.0,1.0,type_3,market_1
146.0,8.0,8.0,8.0,6.0,7.0,3.0,4.0,type_2,market_1
215.0,10.0,8.0,9.0,15.0,4.0,5.0,2.0,type_5,market_1
20.0,1.0,0.0,0.0,2.0,1.0,0.0,0.0,type_2,market_3
2.0,0.0,0.0,0.0,0.0,0.0,1.0,0.0,type_1,market_3
3.0,0.0,0.0,0.0,1.0,0.0,0.0,0.0,type_4,market_1
15.0,1.0,0.0,0.0,0.0,0.0,0.0,0.0,type_2,market_2
32.0,3.0,2.0,0.0,1.0,2.0,0.0,0.0,type_1,market_1
17.0,2.0,1.0,0.0,1.0,1.0,0.0,0.0,type_2,market_3
120.0,6.0,6.0,5.0,4.0,7.0,4.0,0.0,type_2,market_1
118.0,11.0,6.0,8.0,6.0,6.0,2.0,3.0,type_5,market_1
9.0,1.0,0.0,0.0,0.0,0.0,0.0,0.0,type_2,market_2
11.0,1.0,1.0,0.0,0.0,0.0,0.0,0.0,type_5,market_2
7.0,1.0,1.0,0.0,0.0,0.0,0.0,2.0,type_3,market_1
2.0,0.0,0.0,1.0,0.0,0.0,0.0,0.0,type_4,market_1
5.0,0.0,0.0,0.0,0.0,0.0,0.0,0.0,type_1,market_3
34.0,3.0,2.0,3.0,1.0,3.0,1.0,2.0,type_5,market_3
3.0,0.0,0.0,0.0,0.0,0.0,0.0,0.0,type_1,market_2
24.0,1.0,3.0,2.0,1.0,1.0,0.0,0.0,type_1,market_1
7.0,1.0,0.0,0.0,0.0,0.0,0.0,0.0,type_3,market_3
26.0,2.0,0.0,0.0,0.0,0.0,0.0,0.0,type_2,market_2
40.0,1.0,0.0,0.0,1.0,2.0,1.0,0.0,type_1,market_1
25.0,2.0,2.0,1.0,0.0,2.0,0.0,0.0,type_5,market_2
9.0,0.0,0.0,0.0,0.0,0.0,0.0,0.0,type_1,market_3
40.0,4.0,1.0,3.0,0.0,2.0,0.0,0.0,type_2,market_3
58.0,5.0,5.0,1.0,7.0,2.0,0.0,3.0,type_5,market_3
2.0,0.0,1.0,0.0,1.0,0.0,1.0,1.0,type_4,market_1
224.0,17.0,9.0,7.0,10.0,6.0,5.0,6.0,type_2,market_1
12.0,3.0,2.0,0.0,0.0,0.0,0.0,0.0,type_3,market_1
3.0,0.0,0.0,0.0,0.0,0.0,0.0,0.0,type_3,market_2
6.0,0.0,0.0,0.0,0.0,0.0,0.0,0.0,type_1,market_2
193.0,22.0,19.0,15.0,11.0,7.0,3.0,5.0,type_5,market_1
5.0,3.0,0.0,1.0,2.0,0.0,0.0,0.0,type_3,market_3
26.0,2.0,1.0,1.0,0.0,0.0,0.0,0.0,type_2,market_2
249.0,31.0,22.0,9.0,14.0,4.0,7.0,1.0,type_5,market_1
14.0,0.0,0.0,0.0,0.0,0.0,0.0,0.0,type_3,market_3
2.0,0.0,0.0,0.0,0.0,0.0,0.0,0.0,type_3,market_2
68.0,5.0,4.0,2.0,2.0,2.0,7.0,1.0,type_5,market_3
2.0,0.0,0.0,1.0,1.0,1.0,1.0,0.0,type_4,market_1
15.0,1.0,1.0,3.0,1.0,0.0,3.0,0.0,type_3,market_1
288.0,19.0,7.0,7.0,10.0,6.0,9.0,8.0,type_2,market_1
3.0,1.0,1.0,0.0,0.0,0.0,0.0,0.0,type_1,market_3
39.0,1.0,0.0,1.0,0.0,1.0,0.0,0.0,type_5,market_2
31.0,5.0,1.0,1.0,3.0,0.0,2.0,1.0,type_1,market_1
30.0,1.0,6.0,0.0,0.0,0.0,0.0,0.0,type_2,market_3
4.0,0.0,2.0,0.0,0.0,0.0,0.0,0.0,type_3,market_3
24.0,0.0,1.0,0.0,1.0,1.0,0.0,0.0,type_2,market_2
25.0,4.0,0.0,3.0,1.0,1.0,0.0,0.0,type_1,market_1
2.0,0.0,1.0,1.0,1.0,0.0,0.0,0.0,type_4,market_1
72.0,10.0,9.0,5.0,0.0,4.0,1.0,1.0,type_5,market_3
18.0,1.0,1.0,0.0,0.0,0.0,1.0,2.0,type_3,market_1
229.0,31.0,14.0,7.0,3.0,11.0,1.0,12.0,type_5,market_1
310.0,10.0,14.0,12.0,3.0,8.0,5.0,4.0,type_2,market_1
28.0,5.0,0.0,0.0,0.0,0.0,1.0,0.0,type_2,market_3
32.0,0.0,3.0,1.0,0.0,2.0,3.0,0.0,type_5,market_2
3.0,1.0,0.0,1.0,0.0,0.0,0.0,0.0,type_1,market_3
21.0,0.0,0.0,0.0,1.0,2.0,0.0,0.0,type_2,market_2
37.0,2.0,1.0,0.0,0.0,1.0,1.0,1.0,type_2,market_3
11.0,4.0,2.0,0.0,2.0,1.0,1.0,0.0,type_3,market_1
64.0,8.0,3.0,0.0,1.0,5.0,1.0,1.0,type_5,market_3
216.0,27.0,8.0,2.0,11.0,3.0,7.0,6.0,type_5,market_1
10.0,4.0,0.0,0.0,3.0,1.0,0.0,0.0,type_3,market_3
17.0,3.0,2.0,1.0,0.0,0.0,0.0,0.0,type_5,market_2
22.0,2.0,6.0,3.0,1.0,0.0,0.0,0.0,type_1,market_1
254.0,8.0,12.0,5.0,11.0,6.0,10.0,3.0,type_2,market_1
1.0,0.0,1.0,1.0,0.0,0.0,0.0,0.0,type_4,market_1
23.0,2.0,1.0,1.0,2.0,0.0,0.0,0.0,type_5,market_2
18.0,0.0,0.0,0.0,0.0,0.0,0.0,0.0,type_2,market_2
29.0,7.0,2.0,1.0,4.0,0.0,0.0,1.0,type_1,market_1
11.0,3.0,1.0,3.0,3.0,0.0,0.0,1.0,type_3,market_1
17.0,0.0,0.0,1.0,2.0,1.0,1.0,0.0,type_2,market_3
1.0,0.0,0.0,0.0,0.0,0.0,0.0,0.0,type_1,market_2
5.0,2.0,0.0,0.0,1.0,0.0,0.0,0.0,type_4,market_1
226.0,8.0,6.0,6.0,7.0,4.0,4.0,3.0,type_2,market_1
227.0,18.0,7.0,13.0,6.0,12.0,7.0,5.0,type_5,market_1
173.0,7.0,2.0,10.0,2.0,2.0,4.0,8.0,type_5,market_3
14.0,0.0,0.0,2.0,1.0,2.0,1.0,0.0,type_3,market_3
6.0,0.0,0.0,0.0,0.0,0.0,0.0,1.0,type_1,market_3
6.0,0.0,0.0,1.0,3.0,2.0,0.0,1.0,type_3,market_1
235.0,16.0,18.0,9.0,8.0,4.0,12.0,8.0,type_5,market_1
23.0,1.0,1.0,1.0,0.0,0.0,0.0,1.0,type_5,market_2
4.0,0.0,0.0,0.0,0.0,0.0,1.0,0.0,type_4,market_1
19.0,0.0,0.0,0.0,0.0,0.0,1.0,0.0,type_2,market_3
67.0,5.0,9.0,2.0,4.0,0.0,5.0,4.0,type_5,market_3
7.0,0.0,1.0,0.0,0.0,2.0,0.0,1.0,type_3,market_3
8.0,5.0,5.0,4.0,9.0,6.0,4.0,4.0,type_1,market_3
53.0,1.0,1.0,1.0,0.0,1.0,1.0,1.0,type_1,market_1
16.0,1.0,0.0,0.0,0.0,0.0,0.0,0.0,type_2,market_2
182.0,10.0,10.0,12.0,6.0,8.0,5.0,5.0,type_2,market_1
137.0,9.0,2.0,3.0,2.0,3.0,5.0,1.0,type_5,market_1
1.0,0.0,0.0,0.0,0.0,1.0,1.0,0.0,type_3,market_3
20.0,1.0,2.0,0.0,1.0,1.0,1.0,2.0,type_1,market_1
9.0,0.0,0.0,0.0,0.0,0.0,1.0,1.0,type_2,market_3
43.0,4.0,3.0,2.0,0.0,2.0,4.0,0.0,type_5,market_3
6.0,6.0,4.0,9.0,6.0,3.0,4.0,6.0,type_1,market_3
12.0,0.0,0.0,0.0,0.0,0.0,1.0,1.0,type_5,market_2
5.0,1.0,0.0,1.0,2.0,1.0,0.0,0.0,type_3,market_1
95.0,2.0,7.0,2.0,4.0,7.0,4.0,2.0,type_2,market_1
12.0,3.0,0.0,1.0,1.0,0.0,0.0,1.0,type_2,market_2
24.0,5.0,0.0,1.0,0.0,0.0,0.0,0.0,type_5,market_2
225.0,7.0,17.0,7.0,6.0,5.0,2.0,5.0,type_5,market_1
20.0,3.0,0.0,0.0,0.0,0.0,0.0,1.0,type_2,market_2
281.0,25.0,7.0,9.0,9.0,4.0,3.0,6.0,type_2,market_1
22.0,3.0,4.0,0.0,1.0,1.0,3.0,1.0,type_3,market_1
153.0,14.0,4.0,4.0,10.0,4.0,0.0,4.0,type_5,market_3
32.0,0.0,0.0,1.0,0.0,0.0,3.0,1.0,type_2,market_3
8.0,4.0,9.0,6.0,4.0,4.0,7.0,8.0,type_1,market_3
12.0,1.0,1.0,2.0,2.0,1.0,1.0,2.0,type_3,market_3
26.0,1.0,0.0,0.0,3.0,0.0,1.0,1.0,type_1,market_1
4.0,1.0,0.0,0.0,0.0,0.0,0.0,0.0,type_4,market_1
18.0,6.0,0.0,3.0,1.0,0.0,2.0,1.0,type_3,market_1
58.0,4.0,3.0,6.0,2.0,1.0,4.0,10.0,type_5,market_3
24.0,0.0,2.0,5.0,1.0,2.0,0.0,1.0,type_1,market_1
176.0,17.0,8.0,11.0,1.0,5.0,9.0,10.0,type_5,market_1
25.0,1.0,0.0,0.0,0.0,0.0,0.0,1.0,type_2,market_2
9.0,0.0,0.0,5.0,1.0,0.0,0.0,0.0,type_3,market_3
26.0,0.0,2.0,2.0,1.0,1.0,2.0,0.0,type_2,market_3
6.0,9.0,6.0,3.0,4.0,6.0,9.0,8.0,type_1,market_3
304.0,14.0,12.0,9.0,8.0,2.0,5.0,7.0,type_2,market_1
30.0,2.0,0.0,0.0,0.0,0.0,0.0,0.0,type_5,market_2
4.0,0.0,0.0,0.0,0.0,0.0,0.0,0.0,type_1,market_2
27.0,1.0,2.0,0.0,0.0,0.0,0.0,0.0,type_5,market_2
240.0,13.0,108.0,5.0,2.0,7.0,12.0,8.0,type_5,market_3
21.0,2.0,2.0,1.0,4.0,4.0,0.0,1.0,type_3,market_1
29.0,2.0,4.0,0.0,2.0,0.0,5.0,1.0,type_2,market_3
2.0,0.0,0.0,1.0,0.0,0.0,0.0,0.0,type_1,market_2
23.0,0.0,0.0,0.0,2.0,0.0,0.0,0.0,type_2,market_2
249.0,19.0,7.0,3.0,1.0,9.0,5.0,4.0,type_2,market_1
16.0,2.0,2.0,1.0,2.0,0.0,0.0,0.0,type_1,market_1
12.0,1.0,0.0,0.0,0.0,0.0,0.0,0.0,type_3,market_3
1.0,0.0,0.0,0.0,0.0,0.0,1.0,0.0,type_4,market_1
16.0,7.0,5.0,4.0,6.0,8.0,8.0,4.0,type_1,market_3
182.0,18.0,7.0,10.0,3.0,9.0,10.0,7.0,type_5,market_1
171.0,25.0,12.0,2.0,6.0,3.0,2.0,2.0,type_5,market_1
13.0,3.0,4.0,6.0,8.0,9.0,4.0,4.0,type_1,market_3
23.0,4.0,1.0,1.0,1.0,0.0,0.0,0.0,type_1,market_1
15.0,0.0,0.0,0.0,0.0,0.0,1.0,0.0,type_5,market_2
68.0,11.0,8.0,3.0,8.0,4.0,4.0,2.0,type_5,market_3
17.0,0.0,0.0,0.0,2.0,0.0,0.0,2.0,type_3,market_1
237.0,14.0,5.0,2.0,14.0,3.0,2.0,6.0,type_2,market_1
10.0,3.0,0.0,0.0,2.0,0.0,0.0,0.0,type_3,market_3
44.0,3.0,0.0,0.0,1.0,1.0,0.0,1.0,type_2,market_2
36.0,4.0,0.0,3.0,0.0,2.0,0.0,1.0,type_2,market_3
32.0,2.0,3.0,2.0,0.0,3.0,2.0,0.0,type_1,market_1
11.0,1.0,2.0,2.0,0.0,1.0,1.0,0.0,type_3,market_1
10.0,0.0,0.0,1.0,0.0,0.0,0.0,0.0,type_5,market_2
17.0,0.0,1.0,1.0,1.0,2.0,1.0,1.0,type_3,market_3
1.0,0.0,0.0,1.0,0.0,0.0,0.0,0.0,type_4,market_2
474.0,12.0,4.0,13.0,11.0,6.0,3.0,6.0,type_5,market_3
38.0,2.0,2.0,1.0,2.0,2.0,1.0,1.0,type_2,market_3
227.0,9.0,5.0,17.0,9.0,14.0,13.0,8.0,type_2,market_1
36.0,2.0,0.0,2.0,0.0,1.0,0.0,0.0,type_2,market_2
248.0,17.0,13.0,14.0,9.0,8.0,7.0,6.0,type_5,market_1
3.0,0.0,0.0,0.0,0.0,0.0,0.0,0.0,type_4,market_3
14.0,4.0,6.0,9.0,9.0,4.0,4.0,4.0,type_1,market_3
5.0,0.0,0.0,1.0,0.0,0.0,0.0,1.0,type_4,market_1
172.0,9.0,13.0,8.0,6.0,7.0,3.0,7.0,type_5,market_1
112.0,10.0,6.0,4.0,0.0,1.0,2.0,1.0,type_5,market_3
20.0,2.0,0.0,1.0,0.0,0.0,0.0,0.0,type_2,market_3
12.0,6.0,8.0,8.0,4.0,4.0,4.0,4.0,type_1,market_3
19.0,0.0,0.0,0.0,0.0,0.0,1.0,0.0,type_5,market_2
130.0,5.0,10.0,5.0,10.0,8.0,3.0,6.0,type_2,market_1
23.0,5.0,1.0,0.0,0.0,1.0,0.0,0.0,type_1,market_1
3.0,0.0,1.0,0.0,0.0,0.0,0.0,0.0,type_3,market_3
0.0,0.0,1.0,0.0,0.0,0.0,0.0,0.0,type_3,market_2
15.0,0.0,1.0,0.0,0.0,0.0,0.0,0.0,type_2,market_2
7.0,6.0,3.0,2.0,0.0,0.0,0.0,0.0,type_3,market_1
10.0,2.0,0.0,0.0,0.0,0.0,0.0,0.0,type_5,market_2
19.0,2.0,0.0,2.0,1.0,0.0,0.0,0.0,type_1,market_1
4.0,3.0,0.0,0.0,0.0,0.0,1.0,1.0,type_3,market_3
9.0,4.0,4.0,0.0,0.0,0.0,0.0,0.0,type_3,market_1
15.0,0.0,0.0,0.0,0.0,0.0,0.0,0.0,type_2,market_2
8.0,8.0,8.0,4.0,4.0,4.0,4.0,2.0,type_1,market_3
94.0,8.0,1.0,3.0,1.0,2.0,3.0,0.0,type_2,market_1
133.0,12.0,6.0,10.0,5.0,8.0,4.0,3.0,type_5,market_1
17.0,0.0,0.0,0.0,0.0,0.0,0.0,1.0,type_2,market_3
43.0,7.0,4.0,0.0,1.0,3.0,2.0,1.0,type_5,market_3
25.0,0.0,0.0,0.0,1.0,1.0,0.0,1.0,type_5,market_2
29.0,1.0,1.0,1.0,1.0,1.0,1.0,1.0,type_2,market_3
87.0,13.0,1.0,0.0,3.0,1.0,0.0,2.0,type_5,market_3
9.0,3.0,1.0,1.0,1.0,0.0,1.0,1.0,type_3,market_3
18.0,0.0,3.0,1.0,0.0,0.0,0.0,2.0,type_1,market_1
3.0,0.0,0.0,0.0,0.0,0.0,0.0,1.0,type_4,market_1
2.0,0.0,0.0,0.0,0.0,0.0,0.0,0.0,type_4,market_2
243.0,31.0,16.0,12.0,12.0,8.0,1.0,10.0,type_5,market_1
38.0,0.0,0.0,1.0,0.0,1.0,0.0,0.0,type_2,market_2
22.0,2.0,1.0,2.0,2.0,0.0,1.0,2.0,type_3,market_1
1.0,0.0,0.0,1.0,0.0,0.0,0.0,0.0,type_1,market_2
290.0,11.0,14.0,7.0,4.0,9.0,4.0,5.0,type_2,market_1
13.0,8.0,4.0,4.0,4.0,4.0,2.0,2.0,type_1,market_3
16.0,3.0,0.0,1.0,0.0,0.0,1.0,3.0,type_1,market_1
14.0,5.0,5.0,5.0,4.0,2.0,1.0,4.0,type_1,market_3
34.0,0.0,0.0,2.0,2.0,0.0,1.0,2.0,type_2,market_3
15.0,2.0,1.0,1.0,0.0,0.0,2.0,1.0,type_3,market_1
2.0,1.0,0.0,1.0,0.0,0.0,0.0,0.0,type_1,market_2
129.0,15.0,5.0,8.0,4.0,2.0,4.0,6.0,type_5,market_3
10.0,1.0,2.0,0.0,0.0,0.0,1.0,0.0,type_3,market_3
233.0,24.0,16.0,12.0,10.0,0.0,6.0,5.0,type_5,market_1
262.0,14.0,8.0,7.0,3.0,2.0,3.0,8.0,type_2,market_1
17.0,4.0,0.0,0.0,1.0,1.0,1.0,0.0,type_5,market_2
28.0,1.0,0.0,1.0,0.0,0.0,2.0,0.0,type_2,market_2
4.0,0.0,2.0,0.0,0.0,0.0,0.0,0.0,type_1,market_2
24.0,1.0,0.0,0.0,1.0,1.0,1.0,0.0,type_2,market_2
31.0,3.0,1.0,0.0,1.0,4.0,0.0,0.0,type_5,market_2
72.0,6.0,8.0,1.0,2.0,9.0,6.0,1.0,type_5,market_3
202.0,13.0,16.0,15.0,9.0,15.0,5.0,7.0,type_5,market_1
296.0,11.0,10.0,10.0,6.0,14.0,8.0,9.0,type_2,market_1
0.0,0.0,0.0,0.0,0.0,0.0,0.0,1.0,type_4,market_3
12.0,1.0,1.0,0.0,0.0,3.0,1.0,0.0,type_3,market_1
28.0,0.0,2.0,1.0,1.0,1.0,0.0,1.0,type_2,market_3
10.0,3.0,2.0,0.0,1.0,0.0,1.0,0.0,type_3,market_3
28.0,1.0,0.0,0.0,3.0,2.0,1.0,0.0,type_1,market_1
7.0,4.0,4.0,4.0,2.0,1.0,5.0,4.0,type_1,market_3
12.0,2.0,0.0,0.0,0.0,2.0,1.0,2.0,type_3,market_1
25.0,2.0,0.0,0.0,1.0,1.0,0.0,0.0,type_1,market_1
304.0,13.0,11.0,4.0,8.0,2.0,6.0,6.0,type_2,market_1
36.0,1.0,1.0,0.0,5.0,1.0,1.0,1.0,type_2,market_2
7.0,4.0,5.0,2.0,1.0,4.0,4.0,7.0,type_1,market_3
30.0,3.0,2.0,1.0,2.0,0.0,1.0,4.0,type_2,market_3
182.0,27.0,13.0,0.0,14.0,4.0,3.0,2.0,type_5,market_1
0.0,0.0,0.0,0.0,0.0,0.0,1.0,0.0,type_4,market_2
12.0,1.0,0.0,0.0,0.0,1.0,0.0,0.0,type_3,market_3
23.0,2.0,4.0,2.0,1.0,1.0,2.0,0.0,type_5,market_2
58.0,20.0,2.0,1.0,4.0,6.0,1.0,1.0,type_5,market_3
33.0,0.0,0.0,5.0,0.0,0.0,1.0,3.0,type_2,market_3
104.0,7.0,4.0,8.0,7.0,4.0,4.0,5.0,type_5,market_3
7.0,0.0,0.0,0.0,0.0,0.0,0.0,0.0,type_1,market_2
25.0,2.0,0.0,0.0,1.0,0.0,0.0,0.0,type_5,market_2
12.0,3.0,2.0,1.0,0.0,1.0,0.0,0.0,type_3,market_3
8.0,4.0,2.0,2.0,4.0,4.0,7.0,3.0,type_1,market_3
16.0,0.0,0.0,1.0,0.0,0.0,0.0,0.0,type_2,market_2
199.0,21.0,6.0,11.0,7.0,14.0,5.0,6.0,type_5,market_1
16.0,0.0,2.0,1.0,3.0,1.0,2.0,1.0,type_3,market_1
248.0,16.0,3.0,11.0,8.0,9.0,10.0,2.0,type_2,market_1
24.0,1.0,0.0,0.0,2.0,2.0,0.0,4.0,type_1,market_1
0.0,0.0,0.0,1.0,0.0,0.0,0.0,0.0,type_4,market_1
164.0,8.0,7.0,1.0,2.0,4.0,7.0,3.0,type_2,market_1
9.0,0.0,2.0,1.0,1.0,0.0,0.0,0.0,type_3,market_1
89.0,7.0,5.0,1.0,0.0,1.0,2.0,2.0,type_5,market_3
19.0,0.0,0.0,1.0,1.0,0.0,0.0,0.0,type_5,market_2
11.0,0.0,0.0,0.0,1.0,0.0,0.0,0.0,type_2,market_2
1.0,0.0,1.0,0.0,0.0,0.0,0.0,0.0,type_1,market_2
18.0,2.0,3.0,2.0,2.0,3.0,2.0,1.0,type_2,market_3
11.0,3.0,1.0,1.0,0.0,2.0,4.0,1.0,type_1,market_1
7.0,1.0,0.0,0.0,1.0,0.0,0.0,0.0,type_3,market_3
8.0,2.0,1.0,4.0,4.0,7.0,3.0,4.0,type_1,market_3
152.0,16.0,10.0,9.0,7.0,7.0,4.0,7.0,type_5,market_1
39.0,4.0,2.0,2.0,1.0,1.0,3.0,2.0,type_5,market_3
4.0,0.0,0.0,0.0,1.0,0.0,0.0,0.0,type_3,market_1
2.0,1.0,5.0,5.0,7.0,3.0,4.0,10.0,type_1,market_3
0.0,1.0,0.0,0.0,0.0,0.0,0.0,0.0,type_1,market_2
23.0,1.0,2.0,0.0,1.0,0.0,0.0,0.0,type_1,market_1
120.0,11.0,4.0,3.0,6.0,2.0,5.0,3.0,type_2,market_1
11.0,4.0,0.0,1.0,0.0,0.0,0.0,0.0,type_5,market_2
5.0,2.0,1.0,0.0,2.0,1.0,0.0,0.0,type_3,market_3
20.0,0.0,2.0,2.0,1.0,2.0,0.0,3.0,type_2,market_3
97.0,11.0,0.0,4.0,2.0,4.0,3.0,1.0,type_5,market_1
4.0,1.0,0.0,0.0,0.0,1.0,0.0,1.0,type_2,market_2
0.0,0.0,0.0,1.0,0.0,0.0,0.0,0.0,type_4,market_2
1.0,0.0,0.0,1.0,0.0,0.0,0.0,0.0,type_4,market_1
33.0,2.0,1.0,0.0,0.0,0.0,0.0,0.0,type_5,market_2
1.0,0.0,1.0,0.0,0.0,0.0,0.0,0.0,type_4,market_2
30.0,0.0,0.0,4.0,2.0,1.0,2.0,1.0,type_2,market_3
24.0,6.0,1.0,0.0,8.0,1.0,2.0,2.0,type_1,market_1
19.0,0.0,0.0,1.0,0.0,0.0,0.0,0.0,type_2,market_2
11.0,5.0,4.0,7.0,3.0,5.0,10.0,4.0,type_1,market_3
200.0,14.0,6.0,11.0,1.0,2.0,1.0,3.0,type_5,market_3
26.0,4.0,5.0,4.0,1.0,2.0,0.0,1.0,type_3,market_1
303.0,11.0,10.0,16.0,3.0,8.0,4.0,14.0,type_2,market_1
19.0,4.0,0.0,3.0,3.0,0.0,0.0,5.0,type_3,market_3
208.0,26.0,11.0,8.0,7.0,10.0,6.0,12.0,type_5,market_1
2.0,0.0,1.0,0.0,0.0,0.0,0.0,0.0,type_4,market_1
10.0,2.0,1.0,2.0,2.0,0.0,4.0,3.0,type_3,market_3
68.0,6.0,15.0,2.0,0.0,2.0,2.0,4.0,type_5,market_3
27.0,4.0,3.0,3.0,0.0,4.0,3.0,2.0,type_2,market_3
6.0,0.0,0.0,0.0,0.0,0.0,0.0,0.0,type_4,market_1
24.0,3.0,3.0,2.0,0.0,0.0,0.0,1.0,type_3,market_1
10.0,4.0,7.0,5.0,4.0,10.0,4.0,5.0,type_1,market_3
24.0,0.0,1.0,0.0,0.0,0.0,0.0,0.0,type_5,market_2
190.0,25.0,7.0,4.0,4.0,5.0,4.0,0.0,type_5,market_1
17.0,3.0,0.0,0.0,0.0,0.0,0.0,0.0,type_2,market_2
217.0,12.0,10.0,4.0,3.0,5.0,13.0,4.0,type_2,market_1
31.0,3.0,1.0,2.0,1.0,0.0,1.0,0.0,type_1,market_1
27.0,1.0,2.0,0.0,3.0,1.0,0.0,0.0,type_2,market_3
19.0,1.0,1.0,0.0,0.0,1.0,0.0,0.0,type_3,market_1
199.0,18.0,8.0,8.0,6.0,9.0,7.0,1.0,type_5,market_1
70.0,4.0,10.0,3.0,3.0,15.0,5.0,2.0,type_5,market_3
15.0,0.0,0.0,0.0,0.0,0.0,1.0,0.0,type_2,market_2
254.0,8.0,11.0,8.0,4.0,10.0,8.0,5.0,type_2,market_1
11.0,0.0,3.0,1.0,1.0,3.0,0.0,0.0,type_3,market_3
27.0,2.0,0.0,1.0,0.0,0.0,0.0,0.0,type_5,market_2
24.0,0.0,3.0,1.0,1.0,1.0,0.0,1.0,type_1,market_1
10.0,8.0,3.0,5.0,10.0,5.0,5.0,4.0,type_1,market_3
5.0,0.0,0.0,0.0,0.0,0.0,0.0,0.0,type_4,market_3
258.0,11.0,10.0,4.0,7.0,7.0,7.0,5.0,type_2,market_1
5.0,0.0,0.0,0.0,0.0,0.0,0.0,1.0,type_1,market_2
182.0,22.0,6.0,3.0,5.0,0.0,2.0,9.0,type_5,market_3
31.0,8.0,0.0,0.0,1.0,1.0,2.0,2.0,type_1,market_1
38.0,2.0,4.0,6.0,2.0,2.0,1.0,2.0,type_2,market_3
8.0,1.0,0.0,0.0,3.0,1.0,3.0,1.0,type_3,market_3
19.0,3.0,0.0,0.0,0.0,0.0,0.0,2.0,type_2,market_2
21.0,0.0,1.0,0.0,0.0,1.0,2.0,1.0,type_3,market_1
155.0,16.0,8.0,7.0,9.0,7.0,11.0,8.0,type_5,market_1
15.0,5.0,4.0,10.0,4.0,4.0,4.0,5.0,type_1,market_3
1.0,0.0,0.0,0.0,1.0,0.0,1.0,0.0,type_3,market_2
13.0,0.0,0.0,0.0,0.0,0.0,0.0,0.0,type_5,market_2
136.0,8.0,5.0,5.0,9.0,18.0,10.0,5.0,type_5,market_3
37.0,0.0,0.0,1.0,0.0,2.0,0.0,0.0,type_1,market_1
5.0,0.0,0.0,0.0,0.0,1.0,0.0,0.0,type_4,market_1
17.0,0.0,1.0,0.0,0.0,0.0,0.0,0.0,type_2,market_2
24.0,2.0,0.0,3.0,1.0,1.0,2.0,0.0,type_3,market_1
22.0,2.0,3.0,2.0,1.0,3.0,1.0,3.0,type_2,market_3
197.0,10.0,4.0,10.0,7.0,4.0,5.0,8.0,type_2,market_1
173.0,20.0,5.0,11.0,3.0,10.0,3.0,2.0,type_5,market_1
18.0,5.0,10.0,4.0,5.0,5.0,5.0,3.0,type_1,market_3
3.0,0.0,0.0,0.0,0.0,0.0,0.0,1.0,type_4,market_3
18.0,1.0,0.0,0.0,1.0,3.0,0.0,0.0,type_5,market_2
13.0,2.0,1.0,6.0,2.0,2.0,2.0,1.0,type_3,market_3
17.0,4.0,1.0,0.0,3.0,0.0,1.0,3.0,type_1,market_1
171.0,12.0,6.0,3.0,4.0,7.0,2.0,4.0,type_2,market_1
16.0,0.0,1.0,1.0,1.0,0.0,0.0,0.0,type_5,market_2
18.0,2.0,2.0,2.0,0.0,0.0,0.0,3.0,type_2,market_3
11.0,12.0,5.0,5.0,4.0,5.0,3.0,6.0,type_1,market_3
11.0,1.0,0.0,1.0,0.0,0.0,0.0,0.0,type_2,market_2
9.0,1.0,1.0,1.0,2.0,1.0,2.0,0.0,type_3,market_1
131.0,43.0,7.0,5.0,6.0,8.0,13.0,3.0,type_5,market_3
178.0,17.0,13.0,5.0,3.0,2.0,1.0,2.0,type_5,market_1
9.0,0.0,5.0,0.0,0.0,2.0,2.0,1.0,type_3,market_3
4.0,0.0,0.0,0.0,0.0,0.0,1.0,0.0,type_4,market_3
1.0,2.0,0.0,1.0,0.0,0.0,1.0,0.0,type_3,market_1
12.0,1.0,0.0,0.0,0.0,0.0,0.0,0.0,type_5,market_2
137.0,7.0,10.0,4.0,8.0,1.0,4.0,2.0,type_2,market_1
29.0,3.0,3.0,3.0,1.0,0.0,2.0,0.0,type_2,market_3
189.0,60.0,24.0,10.0,5.0,5.0,7.0,1.0,type_5,market_3
134.0,11.0,9.0,8.0,2.0,4.0,4.0,1.0,type_5,market_1
17.0,5.0,4.0,4.0,5.0,3.0,6.0,2.0,type_1,market_3
11.0,0.0,1.0,0.0,0.0,0.0,0.0,0.0,type_2,market_2
1.0,1.0,0.0,0.0,0.0,1.0,0.0,0.0,type_4,market_3
10.0,3.0,1.0,0.0,0.0,0.0,1.0,1.0,type_3,market_3
26.0,0.0,0.0,0.0,1.0,0.0,0.0,0.0,type_1,market_1
29.0,0.0,2.0,2.0,0.0,1.0,0.0,1.0,type_1,market_1
7.0,0.0,0.0,0.0,1.0,0.0,0.0,0.0,type_4,market_3
373.0,63.0,16.0,9.0,13.0,10.0,4.0,1.0,type_5,market_3
252.0,19.0,10.0,8.0,13.0,8.0,5.0,9.0,type_2,market_1
18.0,1.0,0.0,0.0,0.0,0.0,0.0,0.0,type_5,market_2
21.0,3.0,0.0,1.0,1.0,0.0,1.0,0.0,type_3,market_3
21.0,1.0,1.0,2.0,2.0,0.0,0.0,1.0,type_3,market_1
25.0,0.0,0.0,1.0,0.0,0.0,0.0,0.0,type_2,market_2
9.0,5.0,4.0,5.0,4.0,6.0,2.0,3.0,type_1,market_3
196.0,20.0,13.0,4.0,4.0,1.0,6.0,4.0,type_5,market_1
40.0,1.0,1.0,1.0,2.0,1.0,0.0,1.0,type_2,market_3
311.0,17.0,7.0,8.0,6.0,9.0,5.0,2.0,type_2,market_1
15.0,1.0,1.0,1.0,3.0,1.0,3.0,0.0,type_1,market_1
168.0,25.0,6.0,2.0,3.0,5.0,11.0,8.0,type_5,market_1
23.0,1.0,1.0,1.0,2.0,0.0,0.0,0.0,type_5,market_2
18.0,2.0,1.0,1.0,1.0,0.0,0.0,2.0,type_3,market_3
16.0,2.0,3.0,4.0,0.0,0.0,1.0,0.0,type_3,market_1
8.0,4.0,5.0,3.0,6.0,2.0,3.0,7.0,type_1,market_3
158.0,17.0,15.0,15.0,6.0,2.0,9.0,4.0,type_5,market_3
22.0,1.0,0.0,0.0,0.0,2.0,0.0,2.0,type_2,market_3
20.0,0.0,2.0,0.0,0.0,0.0,0.0,0.0,type_2,market_2
41.0,4.0,3.0,0.0,0.0,2.0,3.0,1.0,type_2,market_3
18.0,0.0,1.0,0.0,0.0,0.0,0.0,1.0,type_2,market_2
21.0,0.0,3.0,0.0,0.0,1.0,1.0,0.0,type_5,market_2
3.0,0.0,0.0,1.0,0.0,0.0,0.0,0.0,type_1,market_2
15.0,4.0,2.0,2.0,0.0,2.0,4.0,1.0,type_3,market_3
18.0,0.0,4.0,2.0,1.0,1.0,0.0,0.0,type_3,market_1
8.0,5.0,3.0,6.0,2.0,3.0,7.0,3.0,type_1,market_3
236.0,8.0,8.0,6.0,4.0,6.0,4.0,7.0,type_2,market_1
174.0,6.0,8.0,8.0,6.0,9.0,7.0,2.0,type_5,market_1
26.0,3.0,1.0,0.0,0.0,0.0,1.0,0.0,type_1,market_1
98.0,9.0,16.0,17.0,3.0,1.0,17.0,20.0,type_5,market_3
3.0,0.0,0.0,0.0,0.0,0.0,0.0,0.0,type_4,market_1
5.0,1.0,0.0,0.0,0.0,1.0,0.0,0.0,type_4,market_3
9.0,3.0,0.0,1.0,2.0,0.0,0.0,0.0,type_3,market_1
9.0,3.0,1.0,0.0,2.0,2.0,0.0,2.0,type_3,market_3
33.0,2.0,0.0,0.0,1.0,2.0,3.0,0.0,type_2,market_2
242.0,7.0,4.0,2.0,2.0,14.0,8.0,3.0,type_2,market_1
34.0,3.0,1.0,1.0,4.0,2.0,1.0,3.0,type_2,market_3
10.0,3.0,6.0,2.0,3.0,7.0,2.0,0.0,type_1,market_3
4.0,0.0,0.0,0.0,0.0,2.0,0.0,0.0,type_1,market_2
285.0,138.0,12.0,0.0,2.0,7.0,3.0,3.0,type_5,market_3
23.0,4.0,1.0,0.0,0.0,1.0,0.0,4.0,type_5,market_2
157.0,10.0,3.0,6.0,3.0,4.0,5.0,8.0,type_5,market_1
3.0,0.0,0.0,1.0,0.0,1.0,0.0,0.0,type_4,market_1
15.0,1.0,1.0,1.0,1.0,0.0,0.0,1.0,type_1,market_1
27.0,1.0,1.0,3.0,2.0,0.0,2.0,0.0,type_2,market_3
454.0,29.0,4.0,15.0,14.0,10.0,7.0,3.0,type_5,market_3
2.0,0.0,0.0,0.0,1.0,0.0,0.0,0.0,type_4,market_1
9.0,2.0,0.0,1.0,1.0,0.0,2.0,1.0,type_3,market_3
157.0,14.0,6.0,7.0,4.0,4.0,4.0,4.0,type_5,market_1
5.0,6.0,2.0,4.0,7.0,2.0,0.0,6.0,type_1,market_3
25.0,0.0,0.0,1.0,2.0,1.0,1.0,0.0,type_2,market_2
18.0,0.0,0.0,3.0,1.0,0.0,0.0,0.0,type_3,market_1
263.0,11.0,3.0,9.0,5.0,7.0,4.0,4.0,type_2,market_1
18.0,1.0,1.0,0.0,0.0,1.0,0.0,0.0,type_5,market_2
20.0,3.0,0.0,1.0,1.0,1.0,1.0,0.0,type_1,market_1
150.0,15.0,13.0,6.0,1.0,7.0,9.0,3.0,type_5,market_1
14.0,0.0,1.0,0.0,0.0,0.0,0.0,0.0,type_2,market_2
19.0,0.0,0.0,0.0,0.0,0.0,0.0,2.0,type_2,market_3
7.0,1.0,3.0,3.0,4.0,1.0,0.0,0.0,type_3,market_3
81.0,6.0,8.0,7.0,6.0,2.0,1.0,1.0,type_5,market_3
11.0,0.0,2.0,0.0,0.0,0.0,0.0,0.0,type_5,market_2
11.0,2.0,3.0,7.0,2.0,0.0,6.0,3.0,type_1,market_3
8.0,3.0,1.0,2.0,0.0,1.0,0.0,0.0,type_3,market_1
150.0,8.0,6.0,7.0,3.0,3.0,3.0,2.0,type_2,market_1
24.0,2.0,2.0,1.0,0.0,2.0,1.0,1.0,type_1,market_1
122.0,7.0,3.0,3.0,3.0,2.0,1.0,2.0,type_2,market_1
14.0,1.0,1.0,0.0,0.0,0.0,0.0,1.0,type_5,market_2
9.0,5.0,1.0,3.0,2.0,0.0,0.0,1.0,type_3,market_1
12.0,2.0,1.0,0.0,0.0,1.0,0.0,1.0,type_1,market_1
6.0,3.0,0.0,6.0,2.0,0.0,1.0,0.0,type_3,market_3
132.0,13.0,11.0,7.0,3.0,7.0,5.0,9.0,type_5,market_1
27.0,1.0,0.0,1.0,1.0,0.0,1.0,0.0,type_2,market_3
3.0,0.0,1.0,0.0,2.0,0.0,0.0,0.0,type_2,market_2
5.0,3.0,8.0,3.0,0.0,6.0,3.0,5.0,type_1,market_3
104.0,5.0,5.0,2.0,1.0,2.0,0.0,1.0,type_5,market_3
18.0,1.0,0.0,0.0,1.0,0.0,0.0,3.0,type_2,market_2
131.0,10.0,3.0,1.0,3.0,0.0,2.0,1.0,type_5,market_3
18.0,4.0,0.0,0.0,1.0,2.0,0.0,1.0,type_1,market_1
38.0,2.0,1.0,1.0,1.0,0.0,0.0,0.0,type_2,market_3
20.0,1.0,1.0,0.0,0.0,0.0,1.0,0.0,type_5,market_2
14.0,0.0,5.0,2.0,1.0,1.0,0.0,2.0,type_3,market_3
198.0,16.0,16.0,8.0,6.0,7.0,2.0,14.0,type_5,market_1
4.0,7.0,2.0,0.0,6.0,3.0,5.0,13.0,type_1,market_3
23.0,1.0,1.0,0.0,4.0,1.0,0.0,1.0,type_3,market_1
241.0,9.0,15.0,5.0,7.0,7.0,5.0,9.0,type_2,market_1
5.0,0.0,0.0,0.0,1.0,0.0,1.0,0.0,type_1,market_2
28.0,2.0,2.0,0.0,0.0,1.0,0.0,2.0,type_2,market_2
41.0,1.0,1.0,0.0,1.0,1.0,1.0,0.0,type_2,market_3
9.0,2.0,1.0,0.0,0.0,0.0,0.0,0.0,type_3,market_3
23.0,1.0,4.0,0.0,0.0,1.0,1.0,0.0,type_5,market_2
227.0,69.0,5.0,2.0,1.0,1.0,0.0,1.0,type_5,market_3
2.0,1.0,0.0,0.0,0.0,0.0,0.0,1.0,type_4,market_3
14.0,5.0,0.0,6.0,3.0,5.0,12.0,1.0,type_1,market_3
300.0,21.0,14.0,11.0,8.0,2.0,13.0,14.0,type_2,market_1
15.0,4.0,1.0,0.0,1.0,2.0,1.0,1.0,type_3,market_1
45.0,1.0,2.0,0.0,1.0,0.0,1.0,0.0,type_1,market_1
9.0,0.0,0.0,0.0,1.0,0.0,1.0,1.0,type_4,market_1
254.0,20.0,11.0,8.0,7.0,7.0,10.0,8.0,type_5,market_1
189.0,17.0,16.0,5.0,6.0,12.0,8.0,4.0,type_5,market_1
8.0,0.0,6.0,3.0,5.0,12.0,1.0,3.0,type_1,market_3
29.0,0.0,1.0,0.0,1.0,0.0,0.0,0.0,type_2,market_2
24.0,0.0,1.0,2.0,1.0,1.0,0.0,0.0,type_1,market_1
32.0,2.0,1.0,2.0,1.0,0.0,1.0,1.0,type_2,market_3
259.0,4.0,2.0,3.0,2.0,3.0,7.0,11.0,type_5,market_3
14.0,1.0,0.0,0.0,0.0,0.0,0.0,2.0,type_3,market_3
25.0,0.0,0.0,0.0,1.0,0.0,0.0,0.0,type_5,market_2
295.0,3.0,11.0,5.0,7.0,14.0,4.0,6.0,type_2,market_1
15.0,1.0,3.0,0.0,2.0,1.0,0.0,3.0,type_3,market_1
0.0,1.0,0.0,0.0,0.0,0.0,0.0,1.0,type_3,market_2
8.0,1.0,0.0,1.0,1.0,1.0,3.0,1.0,type_3,market_1
4.0,6.0,3.0,5.0,13.0,1.0,3.0,2.0,type_1,market_3
55.0,4.0,0.0,1.0,0.0,0.0,2.0,1.0,type_5,market_3
11.0,1.0,1.0,0.0,2.0,3.0,0.0,1.0,type_3,market_3
181.0,20.0,10.0,4.0,8.0,9.0,13.0,3.0,type_5,market_1
276.0,19.0,4.0,6.0,6.0,9.0,2.0,7.0,type_2,market_1
1.0,0.0,0.0,0.0,0.0,0.0,1.0,0.0,type_3,market_2
13.0,2.0,2.0,0.0,0.0,0.0,2.0,1.0,type_1,market_1
26.0,0.0,1.0,0.0,0.0,0.0,1.0,0.0,type_5,market_2
15.0,1.0,1.0,2.0,1.0,0.0,0.0,1.0,type_2,market_2
23.0,2.0,1.0,0.0,0.0,1.0,1.0,0.0,type_2,market_3
0.0,0.0,1.0,0.0,1.0,0.0,0.0,0.0,type_1,market_2
54.0,4.0,1.0,4.0,3.0,1.0,2.0,5.0,type_5,market_3
8.0,3.0,0.0,0.0,1.0,1.0,1.0,1.0,type_3,market_3
14.0,1.0,0.0,4.0,2.0,1.0,1.0,1.0,type_3,market_1
35.0,0.0,0.0,1.0,1.0,1.0,0.0,0.0,type_2,market_3
278.0,17.0,12.0,15.0,9.0,4.0,5.0,5.0,type_2,market_1
183.0,22.0,14.0,12.0,8.0,14.0,4.0,1.0,type_5,market_1
13.0,0.0,0.0,2.0,0.0,0.0,1.0,0.0,type_2,market_2
18.0,1.0,0.0,2.0,1.0,1.0,0.0,1.0,type_1,market_1
14.0,1.0,0.0,2.0,0.0,0.0,0.0,0.0,type_5,market_2
7.0,5.0,5.0,12.0,1.0,3.0,2.0,4.0,type_1,market_3
198.0,9.0,6.0,12.0,5.0,11.0,6.0,7.0,type_2,market_1
13.0,1.0,3.0,3.0,2.0,0.0,0.0,2.0,type_3,market_1
18.0,2.0,1.0,1.0,0.0,3.0,0.0,0.0,type_1,market_1
7.0,5.0,14.0,1.0,3.0,2.0,5.0,0.0,type_1,market_3
1.0,1.0,0.0,0.0,0.0,0.0,0.0,0.0,type_4,market_1
63.0,7.0,7.0,2.0,0.0,3.0,5.0,5.0,type_5,market_3
180.0,19.0,9.0,9.0,7.0,8.0,4.0,3.0,type_5,market_1
7.0,0.0,2.0,0.0,0.0,0.0,0.0,0.0,type_3,market_3
16.0,0.0,0.0,0.0,0.0,1.0,0.0,1.0,type_5,market_2
25.0,0.0,2.0,1.0,0.0,0.0,0.0,0.0,type_2,market_3
13.0,1.0,0.0,0.0,0.0,0.0,0.0,0.0,type_2,market_2
5.0,0.0,1.0,0.0,0.0,0.0,0.0,0.0,type_4,market_1
8.0,1.0,0.0,0.0,0.0,0.0,0.0,0.0,type_5,market_2
0.0,0.0,0.0,0.0,0.0,0.0,0.0,0.0,type_1,market_2
21.0,1.0,1.0,0.0,1.0,0.0,0.0,1.0,type_2,market_3
17.0,0.0,0.0,0.0,0.0,0.0,1.0,0.0,type_1,market_1
6.0,0.0,0.0,0.0,0.0,0.0,0.0,0.0,type_3,market_3
11.0,1.0,0.0,0.0,0.0,0.0,0.0,0.0,type_2,market_2
9.0,13.0,1.0,3.0,2.0,4.0,0.0,0.0,type_1,market_3
141.0,13.0,3.0,2.0,3.0,1.0,3.0,4.0,type_2,market_1
7.0,1.0,3.0,0.0,0.0,1.0,0.0,0.0,type_3,market_1
39.0,6.0,1.0,3.0,0.0,2.0,7.0,2.0,type_5,market_3
143.0,14.0,14.0,5.0,2.0,2.0,3.0,5.0,type_5,market_1
6.0,0.0,0.0,0.0,0.0,1.0,1.0,1.0,type_4,market_1
69.0,3.0,4.0,0.0,0.0,0.0,0.0,3.0,type_5,market_3
22.0,2.0,4.0,2.0,4.0,1.0,0.0,0.0,type_1,market_3
29.0,5.0,4.0,4.0,1.0,0.0,0.0,2.0,type_3,market_1
35.0,3.0,0.0,3.0,0.0,3.0,0.0,0.0,type_1,market_1
38.0,2.0,1.0,0.0,0.0,0.0,0.0,0.0,type_5,market_2
433.0,25.0,16.0,11.0,12.0,7.0,7.0,11.0,type_2,market_1
250.0,29.0,19.0,15.0,4.0,14.0,10.0,9.0,type_5,market_1
37.0,3.0,1.0,1.0,0.0,1.0,0.0,0.0,type_2,market_3
43.0,2.0,0.0,0.0,2.0,0.0,0.0,1.0,type_2,market_2
3.0,0.0,1.0,0.0,1.0,0.0,0.0,0.0,type_3,market_3
366.0,20.0,20.0,13.0,13.0,8.0,13.0,7.0,type_2,market_1
19.0,0.0,4.0,0.0,2.0,1.0,0.0,2.0,type_1,market_1
242.0,31.0,6.0,11.0,6.0,5.0,6.0,5.0,type_5,market_1
51.0,11.0,8.0,20.0,9.0,3.0,4.0,3.0,type_5,market_3
20.0,2.0,0.0,0.0,0.0,1.0,0.0,0.0,type_5,market_2
25.0,1.0,1.0,0.0,2.0,1.0,2.0,1.0,type_3,market_1
14.0,2.0,2.0,0.0,1.0,1.0,3.0,3.0,type_3,market_3
5.0,3.0,3.0,6.0,0.0,0.0,0.0,0.0,type_1,market_3
3.0,0.0,0.0,0.0,0.0,1.0,0.0,0.0,type_4,market_1
40.0,2.0,0.0,1.0,0.0,3.0,0.0,0.0,type_2,market_2
42.0,1.0,2.0,2.0,2.0,0.0,1.0,0.0,type_2,market_3
33.0,3.0,1.0,2.0,0.0,0.0,2.0,3.0,type_2,market_3
196.0,31.0,10.0,21.0,11.0,11.0,11.0,10.0,type_5,market_1
32.0,0.0,4.0,0.0,1.0,0.0,0.0,1.0,type_2,market_2
342.0,11.0,8.0,5.0,7.0,9.0,8.0,15.0,type_2,market_1
3.0,0.0,0.0,0.0,0.0,0.0,0.0,1.0,type_3,market_2
7.0,3.0,6.0,0.0,0.0,0.0,1.0,0.0,type_1,market_3
1.0,0.0,1.0,1.0,0.0,0.0,1.0,0.0,type_4,market_1
87.0,28.0,20.0,9.0,3.0,24.0,3.0,0.0,type_5,market_3
22.0,3.0,1.0,3.0,0.0,2.0,0.0,1.0,type_3,market_1
16.0,1.0,1.0,2.0,0.0,1.0,0.0,3.0,type_3,market_3
16.0,4.0,0.0,2.0,1.0,0.0,2.0,0.0,type_1,market_1
27.0,4.0,0.0,1.0,0.0,3.0,0.0,0.0,type_5,market_2
213.0,25.0,13.0,11.0,9.0,7.0,4.0,9.0,type_5,market_1
15.0,0.0,1.0,1.0,4.0,1.0,1.0,1.0,type_3,market_1
24.0,0.0,2.0,0.0,0.0,0.0,0.0,0.0,type_5,market_2
46.0,0.0,1.0,0.0,2.0,3.0,1.0,0.0,type_2,market_3
368.0,22.0,15.0,5.0,13.0,12.0,7.0,7.0,type_2,market_1
2.0,1.0,1.0,1.0,0.0,1.0,0.0,0.0,type_4,market_1
32.0,4.0,2.0,1.0,1.0,2.0,2.0,0.0,type_1,market_1
10.0,4.0,1.0,0.0,1.0,2.0,1.0,0.0,type_1,market_3
24.0,5.0,0.0,0.0,0.0,0.0,0.0,0.0,type_2,market_2
168.0,25.0,11.0,11.0,27.0,4.0,4.0,1.0,type_5,market_3
10.0,1.0,0.0,1.0,1.0,1.0,1.0,4.0,type_3,market_3
16.0,1.0,0.0,0.0,0.0,0.0,1.0,0.0,type_5,market_2
279.0,11.0,7.0,11.0,12.0,10.0,5.0,14.0,type_2,market_1
14.0,2.0,1.0,1.0,0.0,5.0,5.0,5.0,type_3,market_3
4.0,0.0,0.0,1.0,0.0,1.0,0.0,0.0,type_3,market_2
15.0,0.0,0.0,1.0,0.0,0.0,1.0,1.0,type_3,market_1
24.0,1.0,1.0,2.0,0.0,0.0,2.0,2.0,type_2,market_3
33.0,2.0,0.0,0.0,0.0,0.0,3.0,0.0,type_2,market_2
174.0,10.0,11.0,11.0,8.0,8.0,4.0,1.0,type_5,market_1
5.0,0.0,1.0,0.0,0.0,0.0,1.0,0.0,type_4,market_1
181.0,44.0,16.0,10.0,6.0,6.0,2.0,6.0,type_5,market_3
17.0,3.0,0.0,0.0,1.0,0.0,1.0,0.0,type_1,market_3
18.0,0.0,0.0,1.0,2.0,1.0,1.0,1.0,type_1,market_1
182.0,9.0,16.0,3.0,5.0,8.0,2.0,4.0,type_5,market_1
39.0,0.0,1.0,1.0,0.0,0.0,0.0,0.0,type_5,market_2
2.0,1.0,0.0,1.0,0.0,0.0,0.0,0.0,type_4,market_1
15.0,2.0,0.0,2.0,1.0,3.0,0.0,1.0,type_2,market_3
4.0,0.0,1.0,0.0,0.0,0.0,0.0,0.0,type_1,market_3
178.0,8.0,11.0,10.0,3.0,3.0,8.0,3.0,type_2,market_1
31.0,1.0,2.0,1.0,0.0,0.0,1.0,0.0,type_1,market_1
16.0,0.0,2.0,1.0,0.0,2.0,0.0,0.0,type_2,market_2
19.0,0.0,1.0,0.0,0.0,0.0,2.0,1.0,type_3,market_1
127.0,16.0,7.0,6.0,5.0,0.0,6.0,0.0,type_5,market_3
3.0,0.0,0.0,0.0,1.0,0.0,0.0,0.0,type_1,market_3
169.0,12.0,8.0,8.0,6.0,7.0,7.0,4.0,type_2,market_1
5.0,3.0,0.0,0.0,1.0,1.0,3.0,2.0,type_3,market_3
20.0,1.0,2.0,0.0,0.0,1.0,0.0,3.0,type_1,market_1
141.0,7.0,10.0,8.0,3.0,3.0,5.0,4.0,type_5,market_1
10.0,5.0,1.0,0.0,0.0,0.0,0.0,0.0,type_5,market_2
9.0,0.0,1.0,0.0,0.0,0.0,0.0,0.0,type_2,market_2
15.0,0.0,1.0,1.0,0.0,0.0,0.0,0.0,type_2,market_3
60.0,5.0,4.0,2.0,0.0,8.0,0.0,0.0,type_5,market_3
5.0,1.0,0.0,0.0,0.0,0.0,0.0,0.0,type_3,market_1
382.0,24.0,7.0,8.0,9.0,13.0,6.0,19.0,type_2,market_1
34.0,5.0,0.0,1.0,0.0,0.0,0.0,0.0,type_5,market_2
7.0,3.0,0.0,0.0,1.0,0.0,0.0,0.0,type_1,market_3
171.0,21.0,20.0,18.0,15.0,3.0,4.0,5.0,type_5,market_3
33.0,4.0,2.0,1.0,0.0,1.0,0.0,2.0,type_2,market_3
2.0,0.0,1.0,0.0,0.0,0.0,0.0,0.0,type_1,market_2
16.0,2.0,1.0,2.0,2.0,2.0,0.0,1.0,type_1,market_1
33.0,1.0,1.0,0.0,0.0,0.0,0.0,3.0,type_2,market_2
15.0,4.0,3.0,7.0,2.0,2.0,3.0,1.0,type_3,market_3
206.0,20.0,21.0,10.0,11.0,6.0,5.0,11.0,type_5,market_1
6.0,1.0,0.0,0.0,0.0,0.0,0.0,0.0,type_4,market_1
18.0,2.0,2.0,2.0,1.0,0.0,0.0,1.0,type_3,market_1
18.0,3.0,8.0,3.0,2.0,2.0,2.0,2.0,type_3,market_3
28.0,2.0,0.0,0.0,0.0,1.0,2.0,1.0,type_2,market_3
17.0,1.0,1.0,4.0,0.0,0.0,0.0,2.0,type_3,market_1
182.0,27.0,12.0,12.0,9.0,2.0,5.0,7.0,type_5,market_1
25.0,2.0,3.0,0.0,0.0,0.0,0.0,2.0,type_5,market_2
6.0,0.0,1.0,1.0,1.0,0.0,0.0,1.0,type_1,market_3
25.0,2.0,1.0,1.0,2.0,1.0,0.0,0.0,type_1,market_1
352.0,10.0,7.0,12.0,5.0,5.0,13.0,8.0,type_2,market_1
0.0,0.0,0.0,0.0,0.0,0.0,1.0,0.0,type_4,market_3
24.0,3.0,0.0,0.0,0.0,0.0,0.0,2.0,type_2,market_2
94.0,19.0,25.0,15.0,2.0,3.0,8.0,2.0,type_5,market_3
15.0,0.0,3.0,2.0,0.0,1.0,4.0,1.0,type_3,market_1
4.0,2.0,1.0,0.0,0.0,1.0,0.0,0.0,type_1,market_3
202.0,21.0,7.0,6.0,2.0,14.0,6.0,3.0,type_5,market_1
25.0,4.0,1.0,1.0,0.0,0.0,1.0,0.0,type_2,market_2
306.0,19.0,12.0,8.0,4.0,7.0,7.0,9.0,type_2,market_1
17.0,3.0,0.0,2.0,1.0,3.0,0.0,0.0,type_5,market_2
13.0,8.0,4.0,4.0,2.0,4.0,8.0,4.0,type_3,market_3
21.0,3.0,0.0,1.0,1.0,2.0,0.0,1.0,type_1,market_1
33.0,2.0,0.0,0.0,1.0,2.0,2.0,3.0,type_2,market_3
105.0,26.0,16.0,1.0,6.0,7.0,5.0,12.0,type_5,market_3
105.0,16.0,3.0,7.0,11.0,3.0,10.0,5.0,type_5,market_3
199.0,18.0,5.0,3.0,16.0,4.0,11.0,4.0,type_5,market_1
361.0,10.0,7.0,4.0,13.0,5.0,12.0,4.0,type_2,market_1
14.0,8.0,3.0,2.0,2.0,7.0,3.0,2.0,type_3,market_3
2.0,1.0,0.0,0.0,0.0,0.0,0.0,0.0,type_1,market_2
27.0,5.0,1.0,1.0,0.0,0.0,4.0,4.0,type_1,market_1
10.0,1.0,0.0,0.0,0.0,2.0,0.0,2.0,type_3,market_1
25.0,1.0,1.0,0.0,1.0,3.0,0.0,0.0,type_2,market_3
6.0,0.0,1.0,1.0,0.0,0.0,0.0,0.0,type_1,market_3
19.0,0.0,0.0,0.0,2.0,0.0,0.0,0.0,type_2,market_2
23.0,0.0,0.0,1.0,2.0,0.0,1.0,1.0,type_5,market_2
16.0,4.0,3.0,2.0,7.0,2.0,1.0,1.0,type_3,market_3
73.0,7.0,6.0,8.0,7.0,11.0,12.0,12.0,type_5,market_3
20.0,1.0,1.0,3.0,2.0,5.0,1.0,0.0,type_1,market_1
23.0,0.0,1.0,2.0,2.0,1.0,1.0,0.0,type_2,market_3
0.0,0.0,1.0,1.0,0.0,0.0,0.0,0.0,type_4,market_3
3.0,2.0,0.0,2.0,0.0,2.0,0.0,0.0,type_1,market_3
181.0,20.0,12.0,16.0,12.0,11.0,5.0,5.0,type_5,market_1
17.0,0.0,2.0,5.0,3.0,0.0,0.0,1.0,type_5,market_2
14.0,3.0,1.0,2.0,1.0,2.0,1.0,1.0,type_3,market_1
17.0,0.0,0.0,0.0,0.0,0.0,0.0,0.0,type_2,market_2
346.0,11.0,7.0,8.0,6.0,6.0,7.0,3.0,type_2,market_1
22.0,2.0,1.0,1.0,1.0,1.0,1.0,1.0,type_2,market_3
232.0,9.0,12.0,3.0,5.0,1.0,5.0,3.0,type_2,market_1
145.0,14.0,12.0,5.0,6.0,3.0,2.0,6.0,type_5,market_1
11.0,0.0,5.0,3.0,0.0,0.0,1.0,0.0,type_3,market_1
15.0,0.0,2.0,0.0,3.0,1.0,1.0,1.0,type_1,market_1
16.0,1.0,2.0,0.0,0.0,0.0,0.0,0.0,type_5,market_2
2.0,0.0,0.0,0.0,1.0,1.0,0.0,0.0,type_1,market_2
11.0,4.0,4.0,5.0,1.0,0.0,0.0,0.0,type_3,market_3
1.0,0.0,1.0,1.0,1.0,0.0,0.0,0.0,type_4,market_1
5.0,2.0,0.0,0.0,0.0,0.0,0.0,0.0,type_1,market_3
9.0,0.0,0.0,2.0,0.0,0.0,0.0,0.0,type_2,market_2
38.0,4.0,8.0,6.0,4.0,2.0,2.0,0.0,type_5,market_3
192.0,8.0,7.0,9.0,7.0,2.0,3.0,2.0,type_2,market_1
10.0,0.0,0.0,0.0,0.0,0.0,0.0,0.0,type_2,market_2
2.0,2.0,0.0,1.0,0.0,0.0,0.0,0.0,type_4,market_1
8.0,3.0,5.0,0.0,2.0,0.0,0.0,0.0,type_3,market_3
3.0,2.0,4.0,1.0,0.0,0.0,0.0,0.0,type_3,market_1
4.0,0.0,0.0,0.0,0.0,0.0,0.0,0.0,type_1,market_3
21.0,0.0,0.0,0.0,3.0,0.0,0.0,0.0,type_2,market_3
42.0,21.0,6.0,6.0,4.0,3.0,1.0,0.0,type_5,market_3
145.0,21.0,8.0,7.0,2.0,5.0,7.0,5.0,type_5,market_1
36.0,3.0,0.0,2.0,0.0,0.0,1.0,0.0,type_1,market_1
6.0,4.0,0.0,0.0,0.0,0.0,0.0,0.0,type_5,market_2
13.0,4.0,3.0,4.0,2.0,0.0,0.0,2.0,type_3,market_3
5.0,0.0,1.0,0.0,0.0,0.0,0.0,1.0,type_1,market_3
238.0,23.0,7.0,11.0,4.0,5.0,3.0,13.0,type_5,market_1
28.0,3.0,2.0,1.0,1.0,2.0,0.0,3.0,type_3,market_1
370.0,10.0,12.0,9.0,10.0,5.0,5.0,20.0,type_2,market_1
36.0,5.0,0.0,1.0,1.0,2.0,0.0,0.0,type_5,market_2
153.0,27.0,15.0,9.0,5.0,0.0,2.0,2.0,type_5,market_3
32.0,3.0,0.0,0.0,0.0,0.0,0.0,0.0,type_2,market_2
5.0,1.0,0.0,0.0,0.0,0.0,0.0,0.0,type_4,market_1
48.0,3.0,1.0,1.0,0.0,1.0,1.0,1.0,type_2,market_3
23.0,4.0,5.0,1.0,0.0,0.0,0.0,3.0,type_1,market_1
24.0,7.0,1.0,1.0,0.0,0.0,0.0,1.0,type_1,market_1
25.0,3.0,4.0,2.0,0.0,0.0,3.0,3.0,type_3,market_3
141.0,29.0,12.0,10.0,4.0,7.0,5.0,5.0,type_5,market_3
26.0,2.0,1.0,1.0,0.0,0.0,0.0,2.0,type_5,market_2
4.0,0.0,0.0,0.0,0.0,0.0,0.0,0.0,type_3,market_2
34.0,0.0,2.0,2.0,2.0,0.0,1.0,1.0,type_2,market_3
26.0,3.0,4.0,2.0,1.0,1.0,2.0,0.0,type_3,market_1
4.0,1.0,2.0,0.0,0.0,0.0,0.0,0.0,type_4,market_1
23.0,1.0,1.0,0.0,0.0,0.0,0.0,2.0,type_2,market_2
10.0,0.0,0.0,0.0,0.0,0.0,0.0,0.0,type_1,market_3
316.0,16.0,5.0,7.0,6.0,6.0,9.0,11.0,type_2,market_1
192.0,27.0,9.0,4.0,4.0,10.0,6.0,7.0,type_5,market_1
186.0,33.0,20.0,6.0,4.0,4.0,7.0,8.0,type_5,market_3
28.0,3.0,3.0,1.0,1.0,0.0,3.0,4.0,type_3,market_1
26.0,3.0,2.0,0.0,0.0,0.0,1.0,0.0,type_5,market_2
45.0,2.0,0.0,0.0,0.0,0.0,0.0,0.0,type_4,market_1
11.0,2.0,0.0,0.0,0.0,0.0,0.0,0.0,type_1,market_3
27.0,3.0,2.0,2.0,0.0,0.0,0.0,1.0,type_2,market_3
378.0,17.0,16.0,5.0,6.0,14.0,15.0,17.0,type_2,market_1
40.0,1.0,0.0,1.0,0.0,2.0,1.0,1.0,type_1,market_1
0.0,0.0,0.0,0.0,0.0,1.0,0.0,0.0,type_4,market_2
14.0,4.0,4.0,0.0,2.0,2.0,1.0,1.0,type_3,market_3
18.0,1.0,1.0,1.0,0.0,0.0,0.0,0.0,type_2,market_2
156.0,13.0,5.0,8.0,3.0,7.0,8.0,6.0,type_5,market_1
0.0,0.0,0.0,0.0,0.0,1.0,0.0,0.0,type_3,market_2
12.0,3.0,0.0,1.0,2.0,2.0,1.0,2.0,type_3,market_3
26.0,5.0,2.0,0.0,0.0,0.0,1.0,1.0,type_2,market_3
71.0,29.0,5.0,2.0,4.0,3.0,6.0,5.0,type_5,market_3
262.0,11.0,2.0,2.0,16.0,7.0,6.0,11.0,type_2,market_1
24.0,2.0,1.0,1.0,2.0,2.0,0.0,0.0,type_3,market_1
32.0,3.0,1.0,0.0,0.0,0.0,0.0,1.0,type_1,market_1
18.0,1.0,1.0,0.0,0.0,2.0,0.0,1.0,type_5,market_2
4.0,1.0,0.0,0.0,0.0,0.0,0.0,1.0,type_1,market_3
170.0,9.0,9.0,5.0,10.0,7.0,10.0,9.0,type_5,market_1
13.0,0.0,1.0,0.0,1.0,0.0,0.0,1.0,type_2,market_2
19.0,2.0,1.0,4.0,0.0,2.0,2.0,0.0,type_3,market_1
27.0,2.0,0.0,3.0,0.0,2.0,1.0,0.0,type_2,market_3
266.0,13.0,10.0,12.0,16.0,10.0,6.0,5.0,type_2,market_1
1.0,0.0,0.0,1.0,0.0,0.0,1.0,0.0,type_3,market_2
18.0,0.0,2.0,3.0,2.0,2.0,2.0,0.0,type_1,market_1
23.0,1.0,1.0,4.0,1.0,0.0,2.0,1.0,type_5,market_2
14.0,1.0,0.0,3.0,0.0,0.0,2.0,0.0,type_3,market_3
84.0,6.0,1.0,5.0,5.0,11.0,2.0,4.0,type_5,market_3
178.0,13.0,7.0,5.0,3.0,5.0,5.0,7.0,type_5,market_1
152.0,17.0,9.0,11.0,11.0,7.0,3.0,1.0,type_5,market_1
15.0,0.0,2.0,2.0,0.0,3.0,0.0,2.0,type_1,market_1
45.0,1.0,2.0,3.0,0.0,3.0,2.0,2.0,type_5,market_3
4.0,0.0,0.0,0.0,0.0,0.0,0.0,0.0,type_3,market_3
0.0,0.0,0.0,0.0,1.0,0.0,0.0,0.0,type_4,market_1
9.0,0.0,1.0,0.0,0.0,1.0,0.0,0.0,type_2,market_2
151.0,5.0,12.0,4.0,6.0,11.0,5.0,2.0,type_2,market_1
0.0,1.0,0.0,0.0,0.0,0.0,0.0,0.0,type_1,market_3
18.0,4.0,2.0,0.0,0.0,1.0,0.0,2.0,type_3,market_1
11.0,1.0,1.0,1.0,1.0,1.0,0.0,0.0,type_5,market_2
24.0,0.0,3.0,0.0,0.0,1.0,0.0,2.0,type_2,market_3
13.0,0.0,0.0,0.0,0.0,1.0,0.0,0.0,type_5,market_2
9.0,2.0,3.0,0.0,0.0,1.0,0.0,0.0,type_3,market_1
5.0,0.0,1.0,1.0,0.0,0.0,0.0,0.0,type_3,market_3
142.0,15.0,6.0,3.0,4.0,6.0,2.0,1.0,type_2,market_1
6.0,1.0,0.0,0.0,0.0,0.0,0.0,0.0,type_1,market_3
15.0,1.0,0.0,1.0,0.0,0.0,0.0,0.0,type_2,market_3
0.0,0.0,0.0,0.0,0.0,0.0,0.0,1.0,type_4,market_1
24.0,0.0,2.0,0.0,3.0,0.0,1.0,0.0,type_1,market_1
46.0,8.0,3.0,0.0,1.0,3.0,0.0,1.0,type_5,market_3
7.0,0.0,0.0,0.0,0.0,0.0,0.0,0.0,type_2,market_2
161.0,12.0,11.0,7.0,10.0,3.0,4.0,3.0,type_5,market_1
29.0,1.0,0.0,1.0,1.0,0.0,1.0,0.0,type_2,market_3
465.0,35.0,18.0,17.0,12.0,9.0,5.0,19.0,type_2,market_1
4.0,0.0,0.0,0.0,0.0,1.0,0.0,0.0,type_1,market_3
65.0,7.0,6.0,4.0,3.0,1.0,0.0,3.0,type_5,market_3
5.0,0.0,0.0,1.0,0.0,0.0,1.0,0.0,type_1,market_2
1.0,0.0,0.0,0.0,0.0,1.0,0.0,0.0,type_4,market_2
28.0,6.0,1.0,3.0,0.0,5.0,0.0,4.0,type_1,market_1
5.0,1.0,0.0,1.0,0.0,0.0,0.0,0.0,type_4,market_1
32.0,2.0,0.0,1.0,0.0,0.0,0.0,1.0,type_2,market_2
26.0,0.0,3.0,2.0,0.0,4.0,0.0,0.0,type_3,market_1
19.0,1.0,1.0,1.0,0.0,0.0,1.0,0.0,type_5,market_2
211.0,29.0,27.0,9.0,13.0,9.0,11.0,10.0,type_5,market_1
12.0,1.0,0.0,1.0,1.0,1.0,0.0,0.0,type_3,market_3
2.0,0.0,0.0,1.0,0.0,0.0,0.0,2.0,type_3,market_2
19.0,0.0,1.0,0.0,0.0,1.0,1.0,0.0,type_2,market_3
17.0,1.0,0.0,0.0,0.0,0.0,1.0,0.0,type_2,market_2
233.0,35.0,23.0,12.0,7.0,8.0,7.0,4.0,type_5,market_1
2.0,0.0,0.0,0.0,0.0,0.0,1.0,0.0,type_1,market_2
28.0,2.0,2.0,3.0,3.0,1.0,0.0,3.0,type_1,market_1
5.0,0.0,0.0,0.0,0.0,0.0,0.0,1.0,type_1,market_3
503.0,23.0,25.0,13.0,11.0,3.0,18.0,14.0,type_2,market_1
110.0,15.0,11.0,8.0,1.0,0.0,3.0,2.0,type_5,market_3
14.0,0.0,0.0,1.0,0.0,0.0,1.0,2.0,type_3,market_1
13.0,5.0,4.0,4.0,1.0,0.0,4.0,1.0,type_3,market_3
26.0,1.0,2.0,0.0,0.0,0.0,1.0,2.0,type_5,market_2
28.0,0.0,1.0,0.0,0.0,0.0,0.0,0.0,type_2,market_2
26.0,2.0,2.0,1.0,0.0,0.0,0.0,0.0,type_5,market_2
5.0,3.0,4.0,4.0,2.0,6.0,2.0,0.0,type_1,market_3
8.0,1.0,0.0,0.0,1.0,0.0,0.0,0.0,type_4,market_1
454.0,25.0,15.0,9.0,6.0,20.0,16.0,28.0,type_2,market_1
275.0,35.0,25.0,13.0,4.0,6.0,20.0,11.0,type_5,market_1
3.0,0.0,1.0,0.0,0.0,0.0,0.0,0.0,type_1,market_2
18.0,1.0,4.0,1.0,1.0,1.0,2.0,2.0,type_3,market_3
9.0,0.0,1.0,2.0,0.0,2.0,1.0,0.0,type_3,market_1
28.0,1.0,0.0,1.0,1.0,3.0,0.0,2.0,type_2,market_3
150.0,21.0,2.0,3.0,1.0,2.0,4.0,5.0,type_5,market_3
24.0,6.0,1.0,4.0,2.0,0.0,3.0,4.0,type_1,market_1
2.0,0.0,0.0,0.0,1.0,1.0,0.0,0.0,type_3,market_2
20.0,0.0,0.0,0.0,1.0,1.0,0.0,0.0,type_2,market_2
380.0,25.0,7.0,2.0,4.0,2.0,1.0,2.0,type_5,market_3
34.0,0.0,3.0,0.0,0.0,3.0,2.0,1.0,type_1,market_1
12.0,5.0,2.0,0.0,4.0,3.0,0.0,2.0,type_3,market_3
320.0,13.0,8.0,6.0,6.0,14.0,12.0,9.0,type_2,market_1
18.0,4.0,4.0,2.0,5.0,2.0,0.0,6.0,type_1,market_3
11.0,1.0,0.0,0.0,0.0,1.0,3.0,0.0,type_3,market_1
33.0,1.0,0.0,0.0,4.0,1.0,1.0,0.0,type_5,market_2
39.0,2.0,0.0,0.0,1.0,5.0,2.0,0.0,type_2,market_3
263.0,33.0,16.0,13.0,10.0,9.0,6.0,4.0,type_5,market_1
525.0,13.0,5.0,9.0,8.0,2.0,15.0,1.0,type_5,market_3
23.0,1.0,0.0,0.0,0.0,1.0,0.0,0.0,type_2,market_2
2.0,1.0,1.0,0.0,0.0,0.0,0.0,0.0,type_4,market_1
3.0,0.0,0.0,1.0,1.0,0.0,0.0,0.0,type_1,market_2
18.0,4.0,2.0,6.0,1.0,1.0,6.0,4.0,type_1,market_3
1.0,0.0,0.0,0.0,0.0,0.0,1.0,0.0,type_4,market_3
28.0,2.0,1.0,3.0,2.0,3.0,1.0,0.0,type_2,market_3
0.0,0.0,0.0,0.0,1.0,0.0,0.0,1.0,type_3,market_2
16.0,3.0,1.0,4.0,1.0,1.0,1.0,0.0,type_3,market_3
344.0,18.0,6.0,13.0,13.0,14.0,11.0,2.0,type_2,market_1
17.0,4.0,1.0,6.0,2.0,2.0,2.0,2.0,type_3,market_1
280.0,46.0,13.0,8.0,12.0,15.0,7.0,7.0,type_5,market_1
32.0,6.0,3.0,2.0,2.0,0.0,2.0,2.0,type_1,market_1
25.0,1.0,0.0,0.0,0.0,0.0,0.0,0.0,type_5,market_2
55.0,9.0,12.0,10.0,2.0,5.0,2.0,2.0,type_5,market_3
11.0,2.0,0.0,0.0,0.0,1.0,0.0,0.0,type_2,market_2
3.0,1.0,0.0,0.0,0.0,0.0,1.0,1.0,type_1,market_2
13.0,1.0,2.0,2.0,0.0,1.0,0.0,0.0,type_2,market_3
14.0,0.0,1.0,0.0,0.0,0.0,1.0,1.0,type_5,market_2
10.0,1.0,3.0,1.0,2.0,2.0,1.0,2.0,type_3,market_3
231.0,12.0,14.0,11.0,11.0,12.0,4.0,2.0,type_2,market_1
11.0,3.0,6.0,2.0,0.0,7.0,4.0,0.0,type_1,market_3
15.0,2.0,1.0,2.0,0.0,0.0,1.0,0.0,type_3,market_1
206.0,24.0,11.0,20.0,11.0,7.0,5.0,7.0,type_5,market_1
48.0,3.0,1.0,2.0,1.0,2.0,2.0,0.0,type_1,market_1
5.0,6.0,1.0,0.0,7.0,4.0,0.0,0.0,type_1,market_3
22.0,1.0,2.0,0.0,0.0,0.0,3.0,2.0,type_1,market_1
5.0,1.0,1.0,0.0,0.0,0.0,0.0,0.0,type_3,market_1
158.0,12.0,9.0,7.0,6.0,10.0,4.0,2.0,type_5,market_1
11.0,0.0,1.0,0.0,0.0,0.0,0.0,0.0,type_2,market_3
44.0,13.0,2.0,1.0,7.0,1.0,2.0,1.0,type_5,market_3
167.0,16.0,8.0,10.0,4.0,4.0,3.0,1.0,type_2,market_1
5.0,5.0,0.0,1.0,1.0,1.0,1.0,0.0,type_3,market_3
2.0,0.0,1.0,0.0,1.0,0.0,0.0,0.0,type_4,market_1
10.0,0.0,1.0,0.0,0.0,0.0,0.0,0.0,type_5,market_2
24.0,3.0,4.0,3.0,1.0,1.0,0.0,0.0,type_3,market_3
35.0,3.0,1.0,1.0,0.0,1.0,0.0,3.0,type_1,market_1
31.0,6.0,1.0,2.0,1.0,1.0,0.0,1.0,type_3,market_1
5.0,0.0,0.0,0.0,1.0,0.0,0.0,0.0,type_4,market_1
6.0,0.0,0.0,1.0,0.0,0.0,0.0,0.0,type_1,market_2
40.0,4.0,1.0,2.0,2.0,0.0,0.0,2.0,type_2,market_3
190.0,27.0,10.0,12.0,6.0,7.0,3.0,3.0,type_5,market_1
36.0,4.0,1.0,0.0,1.0,0.0,0.0,0.0,type_5,market_2
480.0,28.0,19.0,19.0,13.0,5.0,9.0,12.0,type_2,market_1
29.0,0.0,2.0,0.0,1.0,0.0,0.0,1.0,type_2,market_2
12.0,1.0,3.0,6.0,4.0,0.0,0.0,0.0,type_1,market_3
84.0,16.0,4.0,11.0,4.0,3.0,2.0,1.0,type_5,market_3
7.0,1.0,6.0,4.0,0.0,0.0,0.0,0.0,type_1,market_3
28.0,2.0,1.0,0.0,0.0,0.0,0.0,1.0,type_3,market_1
413.0,39.0,15.0,8.0,5.0,1.0,9.0,8.0,type_2,market_1
38.0,2.0,1.0,2.0,1.0,2.0,2.0,1.0,type_1,market_1
18.0,2.0,1.0,0.0,0.0,0.0,0.0,1.0,type_2,market_2
38.0,4.0,0.0,1.0,0.0,0.0,0.0,1.0,type_5,market_2
38.0,5.0,1.0,4.0,0.0,1.0,0.0,0.0,type_2,market_3
63.0,7.0,5.0,1.0,2.0,0.0,0.0,1.0,type_5,market_3
13.0,2.0,2.0,0.0,0.0,0.0,0.0,2.0,type_3,market_3
1.0,0.0,0.0,1.0,0.0,0.0,0.0,0.0,type_3,market_2
186.0,16.0,15.0,10.0,5.0,3.0,8.0,8.0,type_5,market_1
46.0,1.0,2.0,3.0,2.0,3.0,0.0,2.0,type_1,market_1
38.0,3.0,2.0,0.0,0.0,0.0,0.0,1.0,type_5,market_2
33.0,2.0,2.0,1.0,1.0,0.0,0.0,0.0,type_2,market_3
31.0,1.0,0.0,0.0,0.0,0.0,0.0,2.0,type_2,market_2
4.0,6.0,4.0,0.0,0.0,0.0,0.0,0.0,type_1,market_3
14.0,2.0,1.0,1.0,0.0,2.0,2.0,1.0,type_3,market_3
49.0,6.0,4.0,2.0,2.0,2.0,2.0,4.0,type_5,market_3
3.0,1.0,0.0,0.0,0.0,0.0,0.0,0.0,type_1,market_2
242.0,29.0,14.0,6.0,7.0,21.0,8.0,15.0,type_5,market_1
599.0,30.0,20.0,8.0,4.0,15.0,6.0,1.0,type_2,market_1
22.0,1.0,1.0,0.0,1.0,2.0,1.0,1.0,type_3,market_1
29.0,3.0,2.0,1.0,1.0,0.0,0.0,0.0,type_2,market_3
32.0,2.0,0.0,1.0,0.0,0.0,1.0,0.0,type_2,market_2
129.0,8.0,3.0,0.0,1.0,2.0,4.0,2.0,type_5,market_3
17.0,0.0,0.0,0.0,0.0,0.0,0.0,0.0,type_5,market_2
22.0,1.0,1.0,0.0,1.0,0.0,0.0,1.0,type_3,market_3
235.0,21.0,15.0,8.0,19.0,6.0,8.0,11.0,type_5,market_1
15.0,2.0,1.0,1.0,3.0,0.0,2.0,0.0,type_3,market_1
33.0,2.0,5.0,0.0,3.0,3.0,1.0,0.0,type_1,market_1
11.0,5.0,1.0,0.0,0.0,0.0,0.0,2.0,type_1,market_3
391.0,11.0,5.0,10.0,15.0,8.0,6.0,3.0,type_2,market_1
