date_created,contacts_n,contacts_n_1,contacts_n_2,contacts_n_3,contacts_n_4,contacts_n_5,contacts_n_6,contacts_n_7,new_type,new_market
2022-02-04,199.0,21.0,6.0,11.0,7.0,14.0,5.0,6.0,type_5,market_1
2022-01-30,19.0,2.0,0.0,2.0,1.0,0.0,0.0,0.0,type_1,market_1
2022-02-14,29.0,0.0,2.0,2.0,0.0,1.0,0.0,1.0,type_1,market_1
2022-01-16,120.0,6.0,6.0,5.0,4.0,7.0,4.0,,type_2,market_1
2022-02-03,182.0,27.0,13.0,,14.0,4.0,3.0,2.0,type_5,market_1
2022-03-08,3.0,,,,,,,1.0,type_4,market_1
2022-03-05,2.0,1.0,,1.0,,,,,type_4,market_1
2022-02-01,262.0,14.0,8.0,7.0,3.0,2.0,3.0,8.0,type_2,market_1
2022-01-04,15.0,2.0,3.0,1.0,,,1.0,2.0,type_3,market_1
2022-02-10,258.0,11.0,10.0,4.0,7.0,7.0,7.0,5.0,type_2,market_1
2022-01-11,263.0,28.0,9.0,13.0,8.0,5.0,12.0,8.0,type_5,market_1
2022-01-22,6.0,,,1.0,3.0,2.0,,1.0,type_3,market_1
2022-02-02,2.0,,,,,,,,type_4,market_1
2022-03-26,206.0,24.0,11.0,20.0,11.0,7.0,5.0,7.0,type_5,market_1
2022-02-13,26.0,0.0,0.0,0.0,1.0,0.0,0.0,0.0,type_1,market_1
2022-01-10,44.0,3.0,1.0,1.0,2.0,0.0,4.0,0.0,type_1,market_1
2022-03-14,23.0,4.0,5.0,1.0,0.0,0.0,0.0,3.0,type_1,market_1
2022-02-26,18.0,2.0,1.0,1.0,0.0,3.0,0.0,0.0,type_1,market_1
2022-02-10,21.0,,1.0,,,1.0,2.0,1.0,type_3,market_1
2022-02-17,9.0,3.0,,1.0,2.0,,,,type_3,market_1
2022-01-30,133.0,12.0,6.0,10.0,5.0,8.0,4.0,3.0,type_5,market_1
2022-01-04,44.0,4.0,4.0,3.0,0.0,1.0,3.0,2.0,type_1,market_1
2022-01-05,4.0,,,,,,,,type_4,market_1
2022-03-21,211.0,29.0,27.0,9.0,13.0,9.0,11.0,10.0,type_5,market_1
2022-01-29,130.0,5.0,10.0,5.0,10.0,8.0,3.0,6.0,type_2,market_1
2022-02-11,37.0,0.0,0.0,1.0,0.0,2.0,0.0,0.0,type_1,market_1
2022-01-20,22.0,2.0,6.0,3.0,1.0,0.0,0.0,0.0,type_1,market_1
2022-03-22,503.0,23.0,25.0,13.0,11.0,3.0,18.0,14.0,type_2,market_1
2022-03-18,19.0,2.0,1.0,4.0,,2.0,2.0,,type_3,market_1
2022-03-09,306.0,19.0,12.0,8.0,4.0,7.0,7.0,9.0,type_2,market_1
2022-02-04,24.0,1.0,0.0,0.0,2.0,2.0,0.0,4.0,type_1,market_1
2022-01-14,5.0,,,,,,,,type_4,market_1
2022-01-08,112.0,5.0,8.0,4.0,3.0,6.0,4.0,5.0,type_2,market_1
2022-01-15,32.0,3.0,2.0,0.0,1.0,2.0,0.0,0.0,type_1,market_1
2022-02-17,157.0,10.0,3.0,6.0,3.0,4.0,5.0,8.0,type_5,market_1
2022-01-05,17.0,3.0,1.0,,1.0,,1.0,,type_3,market_1
2022-01-10,240.0,7.0,8.0,13.0,7.0,2.0,4.0,2.0,type_2,market_1
2022-03-13,145.0,21.0,8.0,7.0,2.0,5.0,7.0,5.0,type_5,market_1
2022-01-27,23.0,4.0,1.0,1.0,1.0,0.0,0.0,0.0,type_1,market_1
2022-03-17,32.0,3.0,1.0,0.0,0.0,0.0,0.0,1.0,type_1,market_1
2022-02-19,8.0,3.0,1.0,2.0,,1.0,,,type_3,market_1
2022-01-26,21.0,2.0,2.0,1.0,4.0,4.0,,1.0,type_3,market_1
2022-01-11,2.0,,,,,1.0,,,type_4,market_1
2022-01-21,11.0,3.0,1.0,3.0,3.0,,,1.0,type_3,market_1
2022-02-23,295.0,3.0,11.0,5.0,7.0,14.0,4.0,6.0,type_2,market_1
2022-02-19,,1.0,,,,,,,type_4,market_1
2022-01-26,249.0,19.0,7.0,3.0,1.0,9.0,5.0,4.0,type_2,market_1
2022-01-25,2.0,,,,,,,,type_4,market_1
2022-01-23,20.0,1.0,2.0,0.0,1.0,1.0,1.0,2.0,type_1,market_1
2022-03-03,213.0,25.0,13.0,11.0,9.0,7.0,4.0,9.0,type_5,market_1
2022-02-02,28.0,1.0,0.0,0.0,3.0,2.0,1.0,0.0,type_1,market_1
2022-02-14,196.0,20.0,13.0,4.0,4.0,1.0,6.0,4.0,type_5,market_1
2022-03-12,1.0,,1.0,1.0,1.0,,,,type_4,market_1
2022-03-27,2.0,,1.0,,1.0,,,,type_4,market_1
2022-02-08,31.0,3.0,1.0,2.0,1.0,0.0,1.0,0.0,type_1,market_1
2022-02-28,250.0,29.0,19.0,15.0,4.0,14.0,10.0,9.0,type_5,market_1
2022-01-20,11.0,4.0,2.0,,2.0,1.0,1.0,,type_3,market_1
2022-02-20,12.0,2.0,1.0,0.0,0.0,1.0,0.0,1.0,type_1,market_1
2022-03-11,346.0,11.0,7.0,8.0,6.0,6.0,7.0,3.0,type_2,market_1
2022-01-23,95.0,2.0,7.0,2.0,4.0,7.0,4.0,2.0,type_2,market_1
2022-02-25,3.0,,,,,,,,type_4,market_1
2022-01-20,216.0,27.0,8.0,2.0,11.0,3.0,7.0,6.0,type_5,market_1
2022-01-25,24.0,0.0,2.0,5.0,1.0,2.0,0.0,1.0,type_1,market_1
2022-02-11,5.0,,,,,1.0,,,type_4,market_1
2022-03-28,5.0,,,,1.0,,,,type_4,market_1
2022-03-31,391.0,11.0,5.0,10.0,15.0,8.0,6.0,3.0,type_2,market_1
2022-02-12,,,,,,,,,type_4,market_1
2022-02-22,9.0,,,,1.0,,1.0,1.0,type_4,market_1
2022-01-15,3.0,,,,1.0,,,,type_4,market_1
2022-03-18,266.0,13.0,10.0,12.0,16.0,10.0,6.0,5.0,type_2,market_1
2022-01-21,226.0,8.0,6.0,6.0,7.0,4.0,4.0,3.0,type_2,market_1
2022-01-19,25.0,4.0,0.0,3.0,1.0,1.0,0.0,0.0,type_1,market_1
2022-02-08,6.0,,,,,,,,type_4,market_1
2022-03-13,2.0,2.0,,1.0,,,,,type_4,market_1
2022-01-29,172.0,9.0,13.0,8.0,6.0,7.0,3.0,7.0,type_5,market_1
2022-01-11,28.0,6.0,0.0,1.0,3.0,0.0,0.0,3.0,type_1,market_1
2022-01-02,39.0,2.0,2.0,2.0,0.0,2.0,2.0,2.0,type_1,market_1
2022-03-13,36.0,3.0,0.0,2.0,0.0,0.0,1.0,0.0,type_1,market_1
2022-03-01,19.0,0.0,4.0,0.0,2.0,1.0,0.0,2.0,type_1,market_1
2022-01-07,45.0,6.0,3.0,2.0,4.0,2.0,2.0,0.0,type_1,market_1
2022-02-22,15.0,4.0,1.0,,1.0,2.0,1.0,1.0,type_3,market_1
2022-02-10,31.0,8.0,0.0,0.0,1.0,1.0,2.0,2.0,type_1,market_1
2022-01-05,280.0,5.0,9.0,2.0,6.0,7.0,3.0,7.0,type_2,market_1
2022-01-21,227.0,18.0,7.0,13.0,6.0,12.0,7.0,5.0,type_5,market_1
2022-03-15,24.0,7.0,1.0,1.0,0.0,0.0,0.0,1.0,type_1,market_1
2022-02-07,208.0,26.0,11.0,8.0,7.0,10.0,6.0,12.0,type_5,market_1
2022-02-12,178.0,17.0,13.0,5.0,3.0,2.0,1.0,2.0,type_5,market_1
2022-03-19,152.0,17.0,9.0,11.0,11.0,7.0,3.0,1.0,type_5,market_1
2022-02-24,181.0,20.0,10.0,4.0,8.0,9.0,13.0,3.0,type_5,market_1
2022-02-24,276.0,19.0,4.0,6.0,6.0,9.0,2.0,7.0,type_2,market_1
2022-02-05,164.0,8.0,7.0,1.0,2.0,4.0,7.0,3.0,type_2,market_1
2022-01-02,1.0,,,,,,,,type_4,market_1
2022-02-26,1.0,1.0,,,,,,,type_4,market_1
2022-02-19,150.0,15.0,13.0,6.0,1.0,7.0,9.0,3.0,type_5,market_1
2022-03-28,190.0,27.0,10.0,12.0,6.0,7.0,3.0,3.0,type_5,market_1
2022-03-27,22.0,1.0,2.0,0.0,0.0,0.0,3.0,2.0,type_1,market_1
2022-02-05,152.0,16.0,10.0,9.0,7.0,7.0,4.0,7.0,type_5,market_1
2022-01-30,9.0,4.0,4.0,,,,,,type_3,market_1
2022-02-08,217.0,12.0,10.0,4.0,3.0,5.0,13.0,4.0,type_2,market_1
2022-01-06,214.0,27.0,16.0,12.0,15.0,12.0,6.0,6.0,type_5,market_1
2022-02-25,278.0,17.0,12.0,15.0,9.0,4.0,5.0,5.0,type_2,market_1
2022-03-12,232.0,9.0,12.0,3.0,5.0,1.0,5.0,3.0,type_2,market_1
2022-02-16,18.0,,4.0,2.0,1.0,1.0,,,type_3,market_1
2022-02-18,2.0,,,,1.0,,,,type_4,market_1
2022-01-12,19.0,3.0,1.0,,,,1.0,3.0,type_3,market_1
2022-03-02,16.0,4.0,0.0,2.0,1.0,0.0,2.0,0.0,type_1,market_1
2022-01-11,261.0,13.0,12.0,6.0,4.0,2.0,13.0,5.0,type_2,market_1
2022-02-19,150.0,8.0,6.0,7.0,3.0,3.0,3.0,2.0,type_2,market_1
2022-01-29,,,,,,,,,type_4,market_1
2022-01-18,15.0,1.0,1.0,3.0,1.0,,3.0,,type_3,market_1
2022-02-26,198.0,9.0,6.0,12.0,5.0,11.0,6.0,7.0,type_2,market_1
2022-02-27,141.0,13.0,3.0,2.0,3.0,1.0,3.0,4.0,type_2,market_1
2022-02-25,183.0,22.0,14.0,12.0,8.0,14.0,4.0,1.0,type_5,market_1
2022-03-07,16.0,2.0,1.0,2.0,2.0,2.0,0.0,1.0,type_1,market_1
2022-02-18,20.0,3.0,0.0,1.0,1.0,1.0,1.0,0.0,type_1,market_1
2022-01-25,18.0,6.0,,3.0,1.0,,2.0,1.0,type_3,market_1
2022-03-06,141.0,7.0,10.0,8.0,3.0,3.0,5.0,4.0,type_5,market_1
2022-01-09,165.0,24.0,13.0,4.0,7.0,2.0,6.0,4.0,type_5,market_1
2022-02-10,155.0,16.0,8.0,7.0,9.0,7.0,11.0,8.0,type_5,market_1
2022-01-03,395.0,18.0,23.0,9.0,7.0,6.0,7.0,9.0,type_2,market_1
2022-01-12,280.0,18.0,17.0,2.0,3.0,6.0,7.0,6.0,type_2,market_1
2022-02-10,1.0,,,,,,1.0,,type_4,market_1
2022-02-12,17.0,4.0,1.0,0.0,3.0,0.0,1.0,3.0,type_1,market_1
2022-01-31,3.0,,,,,,,1.0,type_4,market_1
2022-01-09,107.0,3.0,7.0,8.0,5.0,1.0,3.0,3.0,type_2,market_1
2022-03-09,15.0,,3.0,2.0,,1.0,4.0,1.0,type_3,market_1
2022-01-08,9.0,1.0,1.0,,3.0,1.0,2.0,,type_3,market_1
2022-01-17,224.0,17.0,9.0,7.0,10.0,6.0,5.0,6.0,type_2,market_1
2022-01-08,1.0,,,,,,,,type_4,market_1
2022-01-15,146.0,8.0,8.0,8.0,6.0,7.0,3.0,4.0,type_2,market_1
2022-02-16,174.0,6.0,8.0,8.0,6.0,9.0,7.0,2.0,type_5,market_1
2022-03-22,14.0,,,1.0,,,1.0,2.0,type_3,market_1
2022-02-04,16.0,,2.0,1.0,3.0,1.0,2.0,1.0,type_3,market_1
2022-03-12,11.0,,5.0,3.0,,,1.0,,type_3,market_1
2022-03-26,1.0,1.0,,,,,,,type_4,market_1
2022-03-14,28.0,3.0,2.0,1.0,1.0,2.0,,3.0,type_3,market_1
2022-03-31,235.0,21.0,15.0,8.0,19.0,6.0,8.0,11.0,type_5,market_1
2022-02-28,35.0,3.0,0.0,3.0,0.0,3.0,0.0,0.0,type_1,market_1
2022-01-05,52.0,3.0,1.0,1.0,6.0,3.0,0.0,2.0,type_1,market_1
2022-03-02,22.0,3.0,1.0,3.0,,2.0,,1.0,type_3,market_1
2022-03-14,370.0,10.0,12.0,9.0,10.0,5.0,5.0,20.0,type_2,market_1
2022-01-20,1.0,,1.0,1.0,,,,,type_4,market_1
2022-03-06,169.0,12.0,8.0,8.0,6.0,7.0,7.0,4.0,type_2,market_1
2022-03-20,142.0,15.0,6.0,3.0,4.0,6.0,2.0,1.0,type_2,market_1
2022-02-02,12.0,1.0,1.0,,,3.0,1.0,,type_3,market_1
2022-02-22,45.0,1.0,2.0,0.0,1.0,0.0,1.0,0.0,type_1,market_1
2022-01-01,30.0,6.0,0.0,1.0,2.0,0.0,1.0,0.0,type_1,market_1
2022-03-30,3.0,,,,,,,,type_4,market_1
2022-03-31,3.0,,,,,,,,type_4,market_1
2022-02-19,24.0,2.0,2.0,1.0,0.0,2.0,1.0,1.0,type_1,market_1
2022-01-03,18.0,1.0,2.0,1.0,,1.0,,,type_3,market_1
2022-03-16,28.0,3.0,3.0,1.0,1.0,,3.0,4.0,type_3,market_1
2022-03-02,1.0,,1.0,1.0,,,1.0,,type_4,market_1
2022-03-31,15.0,2.0,1.0,1.0,3.0,,2.0,,type_3,market_1
2022-03-09,202.0,21.0,7.0,6.0,2.0,14.0,6.0,3.0,type_5,market_1
2022-02-16,236.0,8.0,8.0,6.0,4.0,6.0,4.0,7.0,type_2,market_1
2022-02-20,2.0,1.0,,,,,,,type_4,market_1
2022-01-19,2.0,,1.0,1.0,1.0,,,,type_4,market_1
2022-03-25,280.0,46.0,13.0,8.0,12.0,15.0,7.0,7.0,type_5,market_1
2022-02-22,254.0,20.0,11.0,8.0,7.0,7.0,10.0,8.0,type_5,market_1
2022-03-05,182.0,9.0,16.0,3.0,5.0,8.0,2.0,4.0,type_5,market_1
2022-03-10,361.0,10.0,7.0,4.0,13.0,5.0,12.0,4.0,type_2,market_1
2022-02-07,2.0,,1.0,,,,,,type_4,market_1
2022-03-17,170.0,9.0,9.0,5.0,10.0,7.0,10.0,9.0,type_5,market_1
2022-01-07,7.0,,,,,,,1.0,type_4,market_1
2022-03-03,15.0,,1.0,1.0,4.0,1.0,1.0,1.0,type_3,market_1
2022-01-06,43.0,4.0,2.0,2.0,3.0,0.0,4.0,0.0,type_1,market_1
2022-03-03,368.0,22.0,15.0,5.0,13.0,12.0,7.0,7.0,type_2,market_1
2022-01-24,4.0,1.0,,,,,,,type_4,market_1
2022-03-25,17.0,4.0,1.0,6.0,2.0,2.0,2.0,2.0,type_3,market_1
2022-01-10,14.0,,,1.0,,,,,type_3,market_1
2022-01-03,259.0,25.0,16.0,11.0,6.0,8.0,4.0,11.0,type_5,market_1
2022-03-25,344.0,18.0,6.0,13.0,13.0,14.0,11.0,2.0,type_2,market_1
2022-03-01,3.0,,,,,1.0,,,type_4,market_1
2022-02-18,157.0,14.0,6.0,7.0,4.0,4.0,4.0,4.0,type_5,market_1
2022-03-21,26.0,,3.0,2.0,,4.0,,,type_3,market_1
2022-03-31,33.0,2.0,5.0,0.0,3.0,3.0,1.0,0.0,type_1,market_1
2022-03-18,178.0,13.0,7.0,5.0,3.0,5.0,5.0,7.0,type_5,market_1
2022-02-18,263.0,11.0,3.0,9.0,5.0,7.0,4.0,4.0,type_2,market_1
2022-01-12,2.0,1.0,,,,,,,type_4,market_1
2022-01-02,111.0,8.0,5.0,5.0,1.0,5.0,2.0,2.0,type_2,market_1
2022-01-30,,,,,,,,,type_4,market_1
2022-03-05,19.0,,1.0,,,,2.0,1.0,type_3,market_1
2022-03-04,18.0,0.0,0.0,1.0,2.0,1.0,1.0,1.0,type_1,market_1
2022-02-23,15.0,1.0,3.0,,2.0,1.0,,3.0,type_3,market_1
2022-01-26,1.0,,,,,,1.0,,type_4,market_1
2022-01-07,228.0,12.0,7.0,4.0,8.0,6.0,5.0,4.0,type_2,market_1
2022-03-06,20.0,1.0,2.0,0.0,0.0,1.0,0.0,3.0,type_1,market_1
2022-03-01,25.0,1.0,1.0,,2.0,1.0,2.0,1.0,type_3,market_1
2022-03-27,167.0,16.0,8.0,10.0,4.0,4.0,3.0,1.0,type_2,market_1
2022-01-28,11.0,1.0,2.0,2.0,,1.0,1.0,,type_3,market_1
2022-03-07,6.0,1.0,,,,,,,type_4,market_1
2022-03-02,342.0,11.0,8.0,5.0,7.0,9.0,8.0,15.0,type_2,market_1
2022-01-14,219.0,3.0,1.0,10.0,10.0,8.0,6.0,7.0,type_2,market_1
2022-01-04,207.0,27.0,10.0,12.0,18.0,13.0,5.0,8.0,type_5,market_1
2022-03-23,275.0,35.0,25.0,13.0,4.0,6.0,20.0,11.0,type_5,market_1
2022-03-06,5.0,1.0,,,,,,,type_3,market_1
2022-02-28,6.0,,,,,1.0,1.0,1.0,type_4,market_1
2022-02-21,198.0,16.0,16.0,8.0,6.0,7.0,2.0,14.0,type_5,market_1
2022-03-29,38.0,2.0,1.0,2.0,1.0,2.0,2.0,1.0,type_1,market_1
2022-03-17,3.0,,,,,,,,type_4,market_1
2022-02-21,241.0,9.0,15.0,5.0,7.0,7.0,5.0,9.0,type_2,market_1
2022-01-21,5.0,2.0,,,1.0,,,,type_4,market_1
2022-02-26,180.0,19.0,9.0,9.0,7.0,8.0,4.0,3.0,type_5,market_1
2022-02-28,29.0,5.0,4.0,4.0,1.0,,,2.0,type_3,market_1
2022-02-17,242.0,7.0,4.0,2.0,2.0,14.0,8.0,3.0,type_2,market_1
2022-02-11,173.0,20.0,5.0,11.0,3.0,10.0,3.0,2.0,type_5,market_1
2022-01-18,288.0,19.0,7.0,7.0,10.0,6.0,9.0,8.0,type_2,market_1
2022-01-28,32.0,2.0,3.0,2.0,0.0,3.0,2.0,0.0,type_1,market_1
2022-02-28,433.0,25.0,16.0,11.0,12.0,7.0,7.0,11.0,type_2,market_1
2022-03-08,17.0,1.0,1.0,4.0,,,,2.0,type_3,market_1
2022-01-18,249.0,31.0,22.0,9.0,14.0,4.0,7.0,1.0,type_5,market_1
2022-03-03,2.0,1.0,1.0,1.0,,1.0,,,type_4,market_1
2022-03-25,2.0,1.0,1.0,,,,,,type_4,market_1
2022-03-21,28.0,6.0,1.0,3.0,0.0,5.0,0.0,4.0,type_1,market_1
2022-03-30,242.0,29.0,14.0,6.0,7.0,21.0,8.0,15.0,type_5,market_1
2022-02-14,2.0,,1.0,,,,,,type_4,market_1
2022-03-12,145.0,14.0,12.0,5.0,6.0,3.0,2.0,6.0,type_5,market_1
2022-02-12,9.0,1.0,1.0,1.0,2.0,1.0,2.0,,type_3,market_1
2022-01-01,,,,,,,,,type_4,market_1
2022-03-07,18.0,2.0,2.0,2.0,1.0,,,1.0,type_3,market_1
2022-01-01,166.0,12.0,13.0,7.0,8.0,2.0,1.0,5.0,type_5,market_1
2022-02-01,1.0,,,,,,,,type_4,market_1
2022-02-01,16.0,3.0,0.0,1.0,0.0,0.0,1.0,3.0,type_1,market_1
2022-03-30,22.0,1.0,1.0,,1.0,2.0,1.0,1.0,type_3,market_1
2022-02-23,189.0,17.0,16.0,5.0,6.0,12.0,8.0,4.0,type_5,market_1
2022-01-17,193.0,22.0,19.0,15.0,11.0,7.0,3.0,5.0,type_5,market_1
2022-02-06,97.0,11.0,,4.0,2.0,4.0,3.0,1.0,type_5,market_1
2022-02-09,2.0,,,,,,,,type_4,market_1
2022-01-15,7.0,2.0,,1.0,,,,1.0,type_3,market_1
2022-02-08,24.0,3.0,3.0,2.0,,,,1.0,type_3,market_1
2022-02-15,16.0,2.0,3.0,4.0,,,1.0,,type_3,market_1
2022-02-15,,,,,,,,,type_4,market_1
2022-03-08,25.0,2.0,1.0,1.0,2.0,1.0,0.0,0.0,type_1,market_1
2022-01-23,137.0,9.0,2.0,3.0,2.0,3.0,5.0,1.0,type_5,market_1
2022-02-17,3.0,,,1.0,,1.0,,,type_4,market_1
2022-03-20,161.0,12.0,11.0,7.0,10.0,3.0,4.0,3.0,type_5,market_1
2022-03-23,9.0,,1.0,2.0,,2.0,1.0,,type_3,market_1
2022-01-18,31.0,5.0,1.0,1.0,3.0,0.0,2.0,1.0,type_1,market_1
2022-01-21,29.0,7.0,2.0,1.0,4.0,0.0,0.0,1.0,type_1,market_1
2022-02-06,23.0,1.0,2.0,0.0,1.0,0.0,0.0,0.0,type_1,market_1
2022-01-19,18.0,1.0,1.0,,,,1.0,2.0,type_3,market_1
2022-01-28,248.0,17.0,13.0,14.0,9.0,8.0,7.0,6.0,type_5,market_1
2022-02-13,1.0,2.0,,1.0,,,1.0,,type_3,market_1
2022-01-06,11.0,1.0,1.0,1.0,,,2.0,,type_3,market_1
2022-03-20,9.0,2.0,3.0,,,1.0,,,type_3,market_1
2022-03-23,24.0,6.0,1.0,4.0,2.0,0.0,3.0,4.0,type_1,market_1
2022-02-02,296.0,11.0,10.0,10.0,6.0,14.0,8.0,9.0,type_2,market_1
2022-01-04,4.0,1.0,,1.0,,,,,type_4,market_1
2022-03-12,15.0,0.0,2.0,0.0,3.0,1.0,1.0,1.0,type_1,market_1
2022-03-24,320.0,13.0,8.0,6.0,6.0,14.0,12.0,9.0,type_2,market_1
2022-01-29,7.0,6.0,3.0,2.0,,,,,type_3,market_1
2022-03-28,35.0,3.0,1.0,1.0,0.0,1.0,0.0,3.0,type_1,market_1
2022-03-26,48.0,3.0,1.0,2.0,1.0,2.0,2.0,0.0,type_1,market_1
2022-01-26,16.0,2.0,2.0,1.0,2.0,0.0,0.0,0.0,type_1,market_1
2022-02-03,12.0,2.0,,,,2.0,1.0,2.0,type_3,market_1
2022-02-14,21.0,1.0,1.0,2.0,2.0,,,1.0,type_3,market_1
2022-03-29,28.0,2.0,1.0,,,,,1.0,type_3,market_1
2022-02-27,143.0,14.0,14.0,5.0,2.0,2.0,3.0,5.0,type_5,market_1
2022-03-27,158.0,12.0,9.0,7.0,6.0,10.0,4.0,2.0,type_5,market_1
2022-01-28,5.0,,,1.0,,,,1.0,type_4,market_1
2022-03-08,352.0,10.0,7.0,12.0,5.0,5.0,13.0,8.0,type_2,market_1
2022-01-20,254.0,8.0,12.0,5.0,11.0,6.0,10.0,3.0,type_2,market_1
2022-02-05,11.0,3.0,1.0,1.0,0.0,2.0,4.0,1.0,type_1,market_1
2022-03-15,26.0,3.0,4.0,2.0,1.0,1.0,2.0,,type_3,market_1
2022-03-20,24.0,0.0,2.0,0.0,3.0,0.0,1.0,0.0,type_1,market_1
2022-02-07,24.0,6.0,1.0,0.0,8.0,1.0,2.0,2.0,type_1,market_1
2022-03-26,231.0,12.0,14.0,11.0,11.0,12.0,4.0,2.0,type_2,market_1
2022-03-05,31.0,1.0,2.0,1.0,0.0,0.0,1.0,0.0,type_1,market_1
2022-03-25,32.0,6.0,3.0,2.0,2.0,0.0,2.0,2.0,type_1,market_1
2022-03-29,413.0,39.0,15.0,8.0,5.0,1.0,9.0,8.0,type_2,market_1
2022-01-05,210.0,26.0,18.0,9.0,8.0,17.0,7.0,5.0,type_5,market_1
2022-03-04,15.0,,,1.0,,,1.0,1.0,type_3,market_1
2022-03-30,599.0,30.0,20.0,8.0,4.0,15.0,6.0,1.0,type_2,market_1
2022-01-14,250.0,13.0,8.0,7.0,5.0,2.0,6.0,8.0,type_5,market_1
2022-01-19,310.0,10.0,14.0,12.0,3.0,8.0,5.0,4.0,type_2,market_1
2022-02-04,248.0,16.0,3.0,11.0,8.0,9.0,10.0,2.0,type_2,market_1
2022-03-24,34.0,0.0,3.0,0.0,0.0,3.0,2.0,1.0,type_1,market_1
2022-01-01,97.0,3.0,5.0,3.0,2.0,3.0,1.0,2.0,type_2,market_1
2022-03-10,27.0,5.0,1.0,1.0,0.0,0.0,4.0,4.0,type_1,market_1
2022-03-10,10.0,1.0,,,,2.0,,2.0,type_3,market_1
2022-03-26,15.0,2.0,1.0,2.0,,,1.0,,type_3,market_1
2022-02-20,132.0,13.0,11.0,7.0,3.0,7.0,5.0,9.0,type_5,market_1
2022-02-27,5.0,,1.0,,,,,,type_4,market_1
2022-02-08,190.0,25.0,7.0,4.0,4.0,5.0,4.0,,type_5,market_1
2022-03-17,24.0,2.0,1.0,1.0,2.0,2.0,,,type_3,market_1
2022-01-07,13.0,,,,1.0,2.0,,1.0,type_3,market_1
2022-02-13,134.0,11.0,9.0,8.0,2.0,4.0,4.0,1.0,type_5,market_1
2022-02-20,122.0,7.0,3.0,3.0,3.0,2.0,1.0,2.0,type_2,market_1
2022-03-21,5.0,1.0,,1.0,,,,,type_4,market_1
2022-01-24,26.0,1.0,0.0,0.0,3.0,0.0,1.0,1.0,type_1,market_1
2022-01-17,2.0,,1.0,,1.0,,1.0,1.0,type_4,market_1
2022-03-01,242.0,31.0,6.0,11.0,6.0,5.0,6.0,5.0,type_5,market_1
2022-02-25,14.0,1.0,,4.0,2.0,1.0,1.0,1.0,type_3,market_1
2022-01-12,49.0,1.0,4.0,0.0,0.0,1.0,1.0,1.0,type_1,market_1
2022-02-27,17.0,0.0,0.0,0.0,0.0,0.0,1.0,0.0,type_1,market_1
2022-01-13,299.0,13.0,4.0,2.0,7.0,6.0,3.0,4.0,type_2,market_1
2022-03-11,14.0,3.0,1.0,2.0,1.0,2.0,1.0,1.0,type_3,market_1
2022-03-15,4.0,1.0,2.0,,,,,,type_4,market_1
2022-01-31,290.0,11.0,14.0,7.0,4.0,9.0,4.0,5.0,type_2,market_1
2022-02-15,15.0,1.0,1.0,1.0,3.0,1.0,3.0,0.0,type_1,market_1
2022-01-23,5.0,1.0,,1.0,2.0,1.0,,,type_3,market_1
2022-02-07,303.0,11.0,10.0,16.0,3.0,8.0,4.0,14.0,type_2,market_1
2022-03-19,151.0,5.0,12.0,4.0,6.0,11.0,5.0,2.0,type_2,market_1
2022-01-13,4.0,1.0,,1.0,1.0,,,,type_4,market_1
2022-02-24,2.0,,,,,,,,type_4,market_1
2022-01-25,304.0,14.0,12.0,9.0,8.0,2.0,5.0,7.0,type_2,market_1
2022-03-27,5.0,1.0,1.0,,,,,,type_3,market_1
2022-01-22,4.0,,,,,,1.0,,type_4,market_1
2022-02-24,8.0,1.0,,1.0,1.0,1.0,3.0,1.0,type_3,market_1
2022-02-27,7.0,1.0,3.0,,,1.0,,,type_3,market_1
2022-01-19,229.0,31.0,14.0,7.0,3.0,11.0,1.0,12.0,type_5,market_1
2022-03-16,156.0,13.0,5.0,8.0,3.0,7.0,8.0,6.0,type_5,market_1
2022-03-10,199.0,18.0,5.0,3.0,16.0,4.0,11.0,4.0,type_5,market_1
2022-03-11,181.0,20.0,12.0,16.0,12.0,11.0,5.0,5.0,type_5,market_1
2022-03-15,316.0,16.0,5.0,7.0,6.0,6.0,9.0,11.0,type_2,market_1
2022-03-19,18.0,4.0,2.0,,,1.0,,2.0,type_3,market_1
2022-01-31,18.0,0.0,3.0,1.0,0.0,0.0,0.0,2.0,type_1,market_1
2022-03-07,206.0,20.0,21.0,10.0,11.0,6.0,5.0,11.0,type_5,market_1
2022-03-24,11.0,1.0,,,,1.0,3.0,,type_3,market_1
2022-03-10,4.0,,,,,,,,type_4,market_1
2022-01-14,25.0,2.0,1.0,1.0,0.0,0.0,1.0,0.0,type_1,market_1
2022-01-22,235.0,16.0,18.0,9.0,8.0,4.0,12.0,8.0,type_5,market_1
2022-03-18,1.0,,,,,,,,type_4,market_1
2022-03-15,192.0,27.0,9.0,4.0,4.0,10.0,6.0,7.0,type_5,market_1
2022-01-29,23.0,5.0,1.0,0.0,0.0,1.0,0.0,0.0,type_1,market_1
2022-01-08,41.0,4.0,2.0,3.0,0.0,0.0,0.0,0.0,type_1,market_1
2022-03-11,3.0,,,,,1.0,,,type_4,market_1
2022-03-08,182.0,27.0,12.0,12.0,9.0,2.0,5.0,7.0,type_5,market_1
2022-02-20,9.0,5.0,1.0,3.0,2.0,,,1.0,type_3,market_1
2022-01-06,,1.0,,,,,,,type_4,market_1
2022-02-23,1.0,,,,,,,,type_4,market_1
2022-01-12,288.0,25.0,12.0,6.0,6.0,16.0,7.0,7.0,type_5,market_1
2022-02-03,25.0,2.0,0.0,0.0,1.0,1.0,0.0,0.0,type_1,market_1
2022-02-12,171.0,12.0,6.0,3.0,4.0,7.0,2.0,4.0,type_2,market_1
2022-03-19,,,,,1.0,,,,type_4,market_1
2022-02-09,254.0,8.0,11.0,8.0,4.0,10.0,8.0,5.0,type_2,market_1
2022-02-13,1.0,,,,,,,,type_4,market_1
2022-03-07,382.0,24.0,7.0,8.0,9.0,13.0,6.0,19.0,type_2,market_1
2022-01-28,227.0,9.0,5.0,17.0,9.0,14.0,13.0,8.0,type_2,market_1
2022-02-14,252.0,19.0,10.0,8.0,13.0,8.0,5.0,9.0,type_2,market_1
2022-01-02,7.0,,,3.0,1.0,,,,type_3,market_1
2022-02-23,24.0,0.0,1.0,2.0,1.0,1.0,0.0,0.0,type_1,market_1
2022-03-14,5.0,1.0,,,,,,,type_4,market_1
2022-03-24,4.0,,,,,,,,type_4,market_1
2022-01-11,14.0,1.0,2.0,1.0,2.0,,1.0,,type_3,market_1
2022-02-03,2.0,,,,,1.0,,,type_4,market_1
2022-03-09,21.0,3.0,0.0,1.0,1.0,2.0,0.0,1.0,type_1,market_1
2022-02-11,24.0,2.0,,3.0,1.0,1.0,2.0,,type_3,market_1
2022-02-05,9.0,,2.0,1.0,1.0,,,,type_3,market_1
2022-01-09,5.0,1.0,,1.0,,,,,type_3,market_1
2022-02-26,13.0,1.0,3.0,3.0,2.0,,,2.0,type_3,market_1
2022-01-13,32.0,4.0,4.0,2.0,1.0,1.0,2.0,1.0,type_1,market_1
2022-02-09,19.0,1.0,1.0,,,1.0,,,type_3,market_1
2022-02-01,15.0,2.0,1.0,1.0,,,2.0,1.0,type_3,market_1
2022-01-16,7.0,1.0,1.0,,,,,2.0,type_3,market_1
2022-01-27,1.0,,,,,,,,type_4,market_1
2022-01-27,237.0,14.0,5.0,2.0,14.0,3.0,2.0,6.0,type_2,market_1
2022-03-24,263.0,33.0,16.0,13.0,10.0,9.0,6.0,4.0,type_5,market_1
2022-02-21,5.0,,,,,,,,type_4,market_1
2022-03-03,32.0,4.0,2.0,1.0,1.0,2.0,2.0,0.0,type_1,market_1
2022-01-13,19.0,4.0,3.0,1.0,,3.0,,1.0,type_3,market_1
2022-01-04,343.0,19.0,10.0,10.0,6.0,,13.0,10.0,type_2,market_1
2022-02-25,18.0,1.0,0.0,2.0,1.0,1.0,0.0,1.0,type_1,market_1
2022-01-31,22.0,2.0,1.0,2.0,2.0,,1.0,2.0,type_3,market_1
2022-01-27,17.0,,,,2.0,,,2.0,type_3,market_1
2022-02-05,,,,1.0,,,,,type_4,market_1
2022-02-06,120.0,11.0,4.0,3.0,6.0,2.0,5.0,3.0,type_2,market_1
2022-03-13,192.0,8.0,7.0,9.0,7.0,2.0,3.0,2.0,type_2,market_1
2022-02-22,300.0,21.0,14.0,11.0,8.0,2.0,13.0,14.0,type_2,market_1
2022-01-30,94.0,8.0,1.0,3.0,1.0,2.0,3.0,,type_2,market_1
2022-01-17,12.0,3.0,2.0,,,,,,type_3,market_1
2022-03-23,8.0,1.0,,,1.0,,,,type_4,market_1
2022-01-09,2.0,,,,,,,,type_4,market_1
2022-01-13,246.0,23.0,11.0,9.0,7.0,6.0,6.0,2.0,type_5,market_1
2022-03-06,6.0,,,,,,,,type_4,market_1
2022-03-01,366.0,20.0,20.0,13.0,13.0,8.0,13.0,7.0,type_2,market_1
2022-01-18,2.0,,,1.0,1.0,1.0,1.0,,type_4,market_1
2022-02-21,23.0,1.0,1.0,,4.0,1.0,,1.0,type_3,market_1
2022-03-18,18.0,0.0,2.0,3.0,2.0,2.0,2.0,0.0,type_1,market_1
2022-03-14,238.0,23.0,7.0,11.0,4.0,5.0,3.0,13.0,type_5,market_1
2022-01-10,223.0,28.0,12.0,5.0,11.0,7.0,3.0,8.0,type_5,market_1
2022-03-05,178.0,8.0,11.0,10.0,3.0,3.0,8.0,3.0,type_2,market_1
2022-01-24,281.0,25.0,7.0,9.0,9.0,4.0,3.0,6.0,type_2,market_1
2022-03-22,233.0,35.0,23.0,12.0,7.0,8.0,7.0,4.0,type_5,market_1
2022-03-09,1.0,,,,,,1.0,,type_4,market_1
2022-01-02,141.0,17.0,8.0,14.0,6.0,3.0,,4.0,type_5,market_1
2022-03-20,,,,,,,,1.0,type_4,market_1
2022-02-13,137.0,7.0,10.0,4.0,8.0,1.0,4.0,2.0,type_2,market_1
2022-02-06,4.0,,,,1.0,,,,type_3,market_1
2022-01-22,182.0,10.0,10.0,12.0,6.0,8.0,5.0,5.0,type_2,market_1
2022-03-16,45.0,2.0,,,,,,,type_4,market_1
2022-03-02,196.0,31.0,10.0,21.0,11.0,11.0,11.0,10.0,type_5,market_1
2022-02-02,202.0,13.0,16.0,15.0,9.0,15.0,5.0,7.0,type_5,market_1
2022-01-17,40.0,1.0,0.0,0.0,1.0,2.0,1.0,0.0,type_1,market_1
2022-01-06,242.0,11.0,5.0,1.0,8.0,4.0,2.0,5.0,type_2,market_1
2022-01-09,34.0,2.0,3.0,1.0,1.0,0.0,0.0,0.0,type_1,market_1
2022-03-28,31.0,6.0,1.0,2.0,1.0,1.0,,1.0,type_3,market_1
2022-03-21,465.0,35.0,18.0,17.0,12.0,9.0,5.0,19.0,type_2,market_1
2022-01-24,225.0,7.0,17.0,7.0,6.0,5.0,2.0,5.0,type_5,market_1
2022-02-15,311.0,17.0,7.0,8.0,6.0,9.0,5.0,2.0,type_2,market_1
2022-03-16,40.0,1.0,0.0,1.0,0.0,2.0,1.0,1.0,type_1,market_1
2022-01-16,2.0,,,1.0,,,,,type_4,market_1
2022-02-07,26.0,4.0,5.0,4.0,1.0,2.0,,1.0,type_3,market_1
2022-03-04,5.0,,1.0,,,,1.0,,type_4,market_1
2022-02-09,24.0,0.0,3.0,1.0,1.0,1.0,0.0,1.0,type_1,market_1
2022-03-17,262.0,11.0,2.0,2.0,16.0,7.0,6.0,11.0,type_2,market_1
2022-01-07,214.0,22.0,16.0,14.0,13.0,4.0,9.0,12.0,type_5,market_1
2022-01-08,164.0,18.0,16.0,15.0,3.0,3.0,3.0,1.0,type_5,market_1
2022-02-16,26.0,3.0,1.0,0.0,0.0,0.0,1.0,0.0,type_1,market_1
2022-01-25,176.0,17.0,8.0,11.0,1.0,5.0,9.0,10.0,type_5,market_1
2022-01-03,6.0,,1.0,,,,,,type_4,market_1
2022-01-31,243.0,31.0,16.0,12.0,12.0,8.0,1.0,10.0,type_5,market_1
2022-02-09,199.0,18.0,8.0,8.0,6.0,9.0,7.0,1.0,type_5,market_1
2022-02-15,168.0,25.0,6.0,2.0,3.0,5.0,11.0,8.0,type_5,market_1
2022-03-19,15.0,0.0,2.0,2.0,0.0,3.0,0.0,2.0,type_1,market_1
2022-03-04,174.0,10.0,11.0,11.0,8.0,8.0,4.0,1.0,type_5,market_1
2022-01-03,55.0,3.0,6.0,0.0,5.0,2.0,4.0,4.0,type_1,market_1
2022-02-18,18.0,,,3.0,1.0,,,,type_3,market_1
2022-02-11,197.0,10.0,4.0,10.0,7.0,4.0,5.0,8.0,type_2,market_1
2022-02-03,304.0,13.0,11.0,4.0,8.0,2.0,6.0,6.0,type_2,market_1
2022-03-13,3.0,2.0,4.0,1.0,,,,,type_3,market_1
2022-02-06,1.0,,,1.0,,,,,type_4,market_1
2022-03-23,454.0,25.0,15.0,9.0,6.0,20.0,16.0,28.0,type_2,market_1
2022-01-16,118.0,11.0,6.0,8.0,6.0,6.0,2.0,3.0,type_5,market_1
2022-02-21,18.0,4.0,0.0,0.0,1.0,2.0,0.0,1.0,type_1,market_1
2022-03-28,480.0,28.0,19.0,19.0,13.0,5.0,9.0,12.0,type_2,market_1
2022-01-01,7.0,,,,,,,1.0,type_3,market_1
2022-01-24,22.0,3.0,4.0,,1.0,1.0,3.0,1.0,type_3,market_1
2022-02-04,3.0,,,,1.0,,,,type_4,market_1
2022-01-27,171.0,25.0,12.0,2.0,6.0,3.0,2.0,2.0,type_5,market_1
2022-03-16,378.0,17.0,16.0,5.0,6.0,14.0,15.0,17.0,type_2,market_1
2022-03-22,4.0,,,,,,,,type_4,market_1
2022-03-22,28.0,2.0,2.0,3.0,3.0,1.0,0.0,3.0,type_1,market_1
2022-02-24,13.0,2.0,2.0,0.0,0.0,0.0,2.0,1.0,type_1,market_1
2022-03-30,46.0,1.0,2.0,3.0,2.0,3.0,0.0,2.0,type_1,market_1
2022-03-29,186.0,16.0,15.0,10.0,5.0,3.0,8.0,8.0,type_5,market_1
2022-01-26,182.0,18.0,7.0,10.0,3.0,9.0,10.0,7.0,type_5,market_1
2022-01-15,215.0,10.0,8.0,9.0,15.0,4.0,5.0,2.0,type_5,market_1
2022-01-16,24.0,1.0,3.0,2.0,1.0,1.0,0.0,0.0,type_1,market_1
2022-02-01,233.0,24.0,16.0,12.0,10.0,,6.0,5.0,type_5,market_1
2022-03-11,20.0,1.0,1.0,3.0,2.0,5.0,1.0,0.0,type_1,market_1
2022-01-23,1.0,,,,,,,,type_4,market_1
2022-01-10,1.0,,,,,,,,type_4,market_1
2022-03-04,279.0,11.0,7.0,11.0,12.0,10.0,5.0,14.0,type_2,market_1
2022-03-29,3.0,,,,,,,,type_4,market_1
2022-02-17,15.0,1.0,1.0,1.0,1.0,0.0,0.0,1.0,type_1,market_1
2022-01-14,17.0,,1.0,,1.0,1.0,2.0,1.0,type_3,market_1
2022-01-22,53.0,1.0,1.0,1.0,0.0,1.0,1.0,1.0,type_1,market_1
2022-02-16,3.0,,,,,,,,type_4,market_1
2022-03-16,,,,,,1.0,,,type_4,market_2
2022-02-01,28.0,1.0,,1.0,,,2.0,,type_2,market_2
2022-01-05,11.0,2.0,0.0,0.0,0.0,0.0,0.0,0.0,type_1,market_2
2022-03-30,38.0,3.0,2.0,,,,,1.0,type_5,market_2
2022-01-24,1.0,0.0,0.0,0.0,0.0,0.0,0.0,0.0,type_1,market_2
2022-02-27,,,,,,,,,type_4,market_2
2022-03-28,29.0,,2.0,,1.0,,,1.0,type_2,market_2
2022-01-10,,,,,,,,,type_4,market_2
2022-01-03,5.0,,,,,,,,type_3,market_2
2022-02-23,29.0,,1.0,,1.0,,,,type_2,market_2
2022-03-24,20.0,,,,1.0,1.0,,,type_2,market_2
2022-01-30,1.0,0.0,0.0,0.0,0.0,0.0,0.0,0.0,type_1,market_2
2022-03-12,9.0,,,2.0,,,,,type_2,market_2
2022-03-10,19.0,,,,2.0,,,,type_2,market_2
2022-03-28,2.0,,,,,,,,type_3,market_2
2022-03-18,16.0,1.0,,,,,,,type_2,market_2
2022-03-17,3.0,0.0,0.0,0.0,0.0,0.0,0.0,0.0,type_1,market_2
2022-03-31,1.0,0.0,1.0,0.0,0.0,0.0,0.0,0.0,type_1,market_2
2022-01-15,2.0,0.0,0.0,0.0,0.0,0.0,0.0,0.0,type_1,market_2
2022-02-16,18.0,,1.0,,,,,1.0,type_2,market_2
2022-02-14,25.0,,,1.0,,,,,type_2,market_2
2022-03-26,1.0,,,,,,,,type_4,market_2
2022-03-22,26.0,1.0,2.0,,,,1.0,2.0,type_5,market_2
2022-03-05,39.0,,1.0,1.0,,,,,type_5,market_2
2022-02-14,,,,,,,,,type_4,market_2
2022-01-07,29.0,,1.0,,,1.0,1.0,1.0,type_2,market_2
2022-01-16,9.0,1.0,,,,,,,type_2,market_2
2022-03-27,10.0,,1.0,,,,,,type_5,market_2
2022-01-11,,,,,,,,,type_3,market_2
2022-03-26,1.0,,,,,,,,type_3,market_2
2022-01-10,8.0,0.0,0.0,0.0,0.0,0.0,0.0,0.0,type_1,market_2
2022-01-21,18.0,,,,,,,,type_2,market_2
2022-02-26,16.0,,,,,1.0,,1.0,type_5,market_2
2022-03-17,18.0,1.0,1.0,,,2.0,,1.0,type_5,market_2
2022-02-07,33.0,2.0,1.0,,,,,,type_5,market_2
2022-03-22,,,,,,,,,type_3,market_2
2022-02-24,15.0,1.0,1.0,2.0,1.0,,,1.0,type_2,market_2
2022-02-21,,,,,,,,,type_3,market_2
2022-01-11,4.0,1.0,0.0,0.0,0.0,0.0,0.0,0.0,type_1,market_2
2022-01-31,25.0,,,,1.0,1.0,,1.0,type_5,market_2
2022-02-12,,,,,,,,,type_4,market_2
2022-02-24,,0.0,1.0,0.0,1.0,0.0,0.0,0.0,type_1,market_2
2022-03-31,,,,,,,,,type_4,market_2
2022-03-01,40.0,2.0,,1.0,,3.0,,,type_2,market_2
2022-03-04,,,,,,,,,type_4,market_2
2022-03-15,,,,,,,,,type_4,market_2
2022-02-15,20.0,,2.0,,,,,,type_2,market_2
2022-01-13,4.0,0.0,1.0,0.0,0.0,0.0,0.0,0.0,type_1,market_2
2022-03-21,1.0,,,,,1.0,,,type_4,market_2
2022-02-06,,,,1.0,,,,,type_4,market_2
2022-02-23,25.0,,,,1.0,,,,type_5,market_2
2022-02-16,1.0,,,,,,,,type_4,market_2
2022-01-29,,,,,,,,,type_4,market_2
2022-03-10,,,,,,,,,type_4,market_2
2022-03-27,3.0,0.0,0.0,0.0,0.0,0.0,0.0,0.0,type_1,market_2
2022-03-27,,,,,,,,,type_3,market_2
2022-03-09,2.0,,,,,,,,type_3,market_2
2022-02-22,5.0,0.0,0.0,0.0,1.0,0.0,1.0,0.0,type_1,market_2
2022-01-20,,,,,,,,,type_4,market_2
2022-03-28,36.0,4.0,1.0,,1.0,,,,type_5,market_2
2022-03-12,2.0,0.0,0.0,0.0,1.0,1.0,0.0,0.0,type_1,market_2
2022-02-09,2.0,,,,,,,,type_4,market_2
2022-03-26,14.0,,1.0,,,,1.0,1.0,type_5,market_2
2022-01-01,,,,,,,,,type_4,market_2
2022-03-29,38.0,4.0,,1.0,,,,1.0,type_5,market_2
2022-01-24,1.0,,,,,,,,type_4,market_2
2022-01-09,5.0,0.0,0.0,0.0,0.0,0.0,0.0,0.0,type_1,market_2
2022-01-04,,1.0,,,,,,,type_4,market_2
2022-01-27,44.0,3.0,,,1.0,1.0,,1.0,type_2,market_2
2022-03-03,,,,,,,,,type_4,market_2
2022-01-22,23.0,1.0,1.0,1.0,,,,1.0,type_5,market_2
2022-02-02,31.0,3.0,1.0,,1.0,4.0,,,type_5,market_2
2022-02-20,,,,,,,,,type_4,market_2
2022-01-06,,,,,,,,,type_3,market_2
2022-02-24,,,,,,,,,type_4,market_2
2022-02-01,,,,,,,,,type_4,market_2
2022-02-28,,,,,,,,,type_3,market_2
2022-03-02,,,,,,,,,type_4,market_2
2022-03-29,1.0,,,1.0,,,,,type_3,market_2
2022-01-28,1.0,,,1.0,,,,,type_4,market_2
2022-01-29,19.0,,,,,,1.0,,type_5,market_2
2022-02-25,,,,,,,,,type_4,market_2
2022-03-21,5.0,0.0,0.0,1.0,0.0,0.0,1.0,0.0,type_1,market_2
2022-01-30,15.0,,,,,,,,type_2,market_2
2022-01-26,,,,,,,,,type_4,market_2
2022-01-30,,,,,,,,,type_3,market_2
2022-02-04,25.0,2.0,,,1.0,,,,type_5,market_2
2022-03-20,7.0,,,,,,,,type_2,market_2
2022-03-01,20.0,2.0,,,,1.0,,,type_5,market_2
2022-03-26,3.0,1.0,0.0,0.0,0.0,0.0,1.0,1.0,type_1,market_2
2022-01-14,,,,,,,,,type_3,market_2
2022-01-17,3.0,,,,,,,,type_3,market_2
2022-02-01,1.0,,,,,,,,type_3,market_2
2022-03-13,,,,,,,,,type_3,market_2
2022-03-07,,,,,,,,,type_4,market_2
2022-03-29,6.0,0.0,0.0,0.0,0.0,0.0,0.0,0.0,type_1,market_2
2022-01-31,1.0,,,,,,,,type_3,market_2
2022-01-18,2.0,,,,,,,,type_3,market_2
2022-03-14,32.0,3.0,,,,,,,type_2,market_2
2022-01-08,,,,,,,,,type_3,market_2
2022-02-18,,,,,,,,,type_4,market_2
2022-01-07,31.0,,1.0,1.0,2.0,2.0,1.0,2.0,type_5,market_2
2022-03-24,2.0,,,,1.0,1.0,,,type_3,market_2
2022-02-28,,,,,,,,,type_4,market_2
2022-01-21,2.0,,,,,,,,type_3,market_2
2022-03-22,,,,,,,,,type_4,market_2
2022-01-25,,,,,,,,,type_4,market_2
2022-03-04,33.0,2.0,,,,,3.0,,type_2,market_2
2022-03-09,,,,,,,,,type_4,market_2
2022-03-02,1.0,0.0,0.0,0.0,0.0,0.0,0.0,0.0,type_1,market_2
2022-03-20,,,,,,,,,type_3,market_2
2022-03-07,2.0,0.0,1.0,0.0,0.0,0.0,0.0,0.0,type_1,market_2
2022-03-24,2.0,0.0,0.0,0.0,0.0,0.0,0.0,0.0,type_1,market_2
2022-01-02,,,,,,,,,type_4,market_2
2022-01-09,,,,,,,,,type_4,market_2
2022-03-22,17.0,1.0,,,,,1.0,,type_2,market_2
2022-01-10,37.0,,1.0,1.0,,,,,type_2,market_2
2022-01-28,36.0,2.0,,2.0,,1.0,,,type_2,market_2
2022-03-04,16.0,1.0,,,,,1.0,,type_5,market_2
2022-02-02,,,,,,,,,type_4,market_2
2022-02-08,24.0,,1.0,,,,,,type_5,market_2
2022-02-18,18.0,1.0,1.0,,,1.0,,,type_5,market_2
2022-02-13,11.0,,1.0,,,,,,type_2,market_2
2022-03-19,11.0,1.0,1.0,1.0,1.0,1.0,,,type_5,market_2
2022-01-29,1.0,0.0,0.0,0.0,0.0,0.0,0.0,0.0,type_1,market_2
2022-02-17,33.0,2.0,,,1.0,2.0,3.0,,type_2,market_2
2022-02-15,23.0,1.0,1.0,1.0,2.0,,,,type_5,market_2
2022-02-11,2.0,0.0,0.0,0.0,0.0,0.0,0.0,0.0,type_1,market_2
2022-03-18,1.0,,,1.0,,,1.0,,type_3,market_2
2022-03-11,17.0,,2.0,5.0,3.0,,,1.0,type_5,market_2
2022-03-29,,,,,,,,,type_4,market_2
2022-02-05,11.0,,,,1.0,,,,type_2,market_2
2022-03-31,17.0,,,,,,,,type_5,market_2
2022-02-26,13.0,1.0,,,,,,,type_2,market_2
2022-01-23,12.0,,,,,,1.0,1.0,type_5,market_2
2022-03-26,11.0,2.0,,,,1.0,,,type_2,market_2
2022-02-09,1.0,0.0,0.0,0.0,0.0,0.0,0.0,0.0,type_1,market_2
2022-01-16,11.0,1.0,1.0,,,,,,type_5,market_2
2022-02-07,1.0,,1.0,,,,,,type_4,market_2
2022-01-05,,,,,,,,,type_3,market_2
2022-02-03,23.0,2.0,4.0,2.0,1.0,1.0,2.0,,type_5,market_2
2022-02-11,17.0,,1.0,,,,,,type_2,market_2
2022-02-03,,,,,,,1.0,,type_4,market_2
2022-03-18,4.0,1.0,0.0,0.0,0.0,0.0,0.0,0.0,type_1,market_2
2022-03-31,1.0,,,,,,1.0,,type_3,market_2
2022-02-16,3.0,0.0,0.0,1.0,0.0,0.0,0.0,0.0,type_1,market_2
2022-01-09,6.0,1.0,,,,,,,type_2,market_2
2022-03-12,1.0,,,,,,,,type_3,market_2
2022-02-21,20.0,1.0,1.0,,,,1.0,,type_5,market_2
2022-01-27,,,,,,,,,type_3,market_2
2022-02-07,1.0,,,,,,,,type_3,market_2
2022-03-20,,,,,,,,,type_4,market_2
2022-02-04,7.0,0.0,0.0,0.0,0.0,0.0,0.0,0.0,type_1,market_2
2022-01-16,,,,,,,,,type_4,market_2
2022-01-27,3.0,0.0,0.0,0.0,0.0,0.0,0.0,0.0,type_1,market_2
2022-02-19,11.0,,2.0,,,,,,type_5,market_2
2022-01-04,,,,,,,,,type_3,market_2
2022-01-12,29.0,3.0,2.0,,,,,1.0,type_2,market_2
2022-01-22,,,,,,,,,type_4,market_2
2022-01-20,1.0,,,,,,,,type_3,market_2
2022-03-03,24.0,5.0,,,,,,,type_2,market_2
2022-02-09,15.0,,,,,,1.0,,type_2,market_2
2022-01-27,15.0,,,,,,1.0,,type_5,market_2
2022-01-12,,,,,,,,,type_4,market_2
2022-01-20,5.0,0.0,0.0,0.0,0.0,0.0,0.0,0.0,type_1,market_2
2022-01-10,7.0,,1.0,,,,,,type_3,market_2
2022-03-30,,,,,,,,,type_3,market_2
2022-03-25,3.0,0.0,0.0,1.0,1.0,0.0,0.0,0.0,type_1,market_2
2022-01-17,,,,,,,,,type_4,market_2
2022-02-14,1.0,,,,,,,,type_3,market_2
2022-03-16,,,,,,1.0,,,type_3,market_2
2022-01-01,21.0,2.0,4.0,,,1.0,1.0,,type_2,market_2
2022-02-17,23.0,4.0,1.0,,,1.0,,4.0,type_5,market_2
2022-02-05,19.0,,,1.0,1.0,,,,type_5,market_2
2022-01-13,1.0,,,,,,,,type_3,market_2
2022-01-22,16.0,1.0,,,,,,,type_2,market_2
2022-02-28,43.0,2.0,,,2.0,,,1.0,type_2,market_2
2022-02-20,3.0,,1.0,,2.0,,,,type_2,market_2
2022-01-08,1.0,4.0,1.0,0.0,0.0,0.0,0.0,0.0,type_1,market_2
2022-03-23,1.0,,,,,,,,type_3,market_2
2022-01-20,17.0,3.0,2.0,1.0,,,,,type_5,market_2
2022-03-27,,,,,,,,,type_4,market_2
2022-01-26,2.0,0.0,0.0,1.0,0.0,0.0,0.0,0.0,type_1,market_2
2022-01-14,5.0,0.0,0.0,0.0,0.0,0.0,2.0,0.0,type_1,market_2
2022-02-11,1.0,,,,,,,,type_3,market_2
2022-02-23,,,,,,,,,type_4,market_2
2022-01-26,23.0,,,,2.0,,,,type_2,market_2
2022-02-14,4.0,0.0,0.0,0.0,0.0,0.0,0.0,0.0,type_1,market_2
2022-03-11,1.0,,,,,,,,type_4,market_2
2022-01-18,26.0,2.0,1.0,1.0,,,,,type_2,market_2
2022-02-12,1.0,,,,,,,,type_3,market_2
2022-03-13,6.0,4.0,,,,,,,type_5,market_2
2022-02-07,3.0,0.0,0.0,0.0,0.0,0.0,0.0,0.0,type_1,market_2
2022-03-21,19.0,1.0,1.0,1.0,,,1.0,,type_5,market_2
2022-01-13,31.0,1.0,,,,,,,type_2,market_2
2022-03-14,36.0,5.0,,1.0,1.0,2.0,,,type_5,market_2
2022-03-29,18.0,2.0,1.0,,,,,1.0,type_2,market_2
2022-02-25,3.0,0.0,0.0,0.0,0.0,0.0,0.0,0.0,type_1,market_2
2022-01-03,32.0,2.0,,1.0,4.0,,,1.0,type_5,market_2
2022-01-19,,,,,,,,,type_4,market_2
2022-02-28,38.0,2.0,1.0,,,,,,type_5,market_2
2022-03-23,3.0,0.0,1.0,0.0,0.0,0.0,0.0,0.0,type_1,market_2
2022-03-08,3.0,0.0,0.0,0.0,0.0,0.0,0.0,0.0,type_1,market_2
2022-01-15,,,,,,,,,type_4,market_2
2022-03-20,13.0,,,,,1.0,,,type_5,market_2
2022-01-23,,,,,,,,,type_4,market_2
2022-02-10,,,,,,,,,type_4,market_2
2022-01-18,,,,,,,,,type_4,market_2
2022-02-20,,,,,,,,,type_3,market_2
2022-03-10,1.0,,,,,,,,type_3,market_2
2022-02-22,,,,,,,,,type_3,market_2
2022-01-04,33.0,3.0,,1.0,,,,,type_5,market_2
2022-02-15,2.0,,,,,,,,type_3,market_2
2022-01-06,22.0,1.0,,,,,,1.0,type_5,market_2
2022-03-28,,,,,,,,,type_4,market_2
2022-01-26,27.0,1.0,2.0,,,,,,type_5,market_2
2022-02-09,27.0,2.0,,1.0,,,,,type_5,market_2
2022-02-23,,1.0,,,,,,1.0,type_3,market_2
2022-02-03,1.0,,,,,,,,type_3,market_2
2022-01-14,34.0,1.0,,,,,,,type_5,market_2
2022-01-24,24.0,5.0,,1.0,,,,,type_5,market_2
2022-03-16,26.0,3.0,2.0,,,,1.0,,type_5,market_2
2022-02-27,,,,,,,,,type_3,market_2
2022-01-23,12.0,3.0,,1.0,1.0,,,1.0,type_2,market_2
2022-02-13,,,,,,,,,type_3,market_2
2022-02-17,,,,,,,,,type_4,market_2
2022-01-24,1.0,,,,,,,,type_3,market_2
2022-01-17,6.0,0.0,0.0,0.0,0.0,0.0,0.0,0.0,type_1,market_2
2022-01-05,29.0,2.0,3.0,,,,,,type_5,market_2
2022-03-30,,,,,,,,,type_4,market_2
2022-02-04,16.0,,,1.0,,,,,type_2,market_2
2022-02-22,28.0,2.0,2.0,,,1.0,,2.0,type_2,market_2
2022-01-29,15.0,,1.0,,,,,,type_2,market_2
2022-01-25,25.0,1.0,,,,,,1.0,type_2,market_2
2022-02-26,,,,,,,,,type_4,market_2
2022-01-15,,,,,,,,,type_3,market_2
2022-02-06,11.0,4.0,,1.0,,,,,type_5,market_2
2022-03-13,,,,,,,,,type_4,market_2
2022-03-13,,0.0,0.0,0.0,0.0,0.0,0.0,0.0,type_1,market_2
2022-03-15,4.0,,,,,,,,type_3,market_2
2022-03-31,32.0,2.0,,1.0,,,1.0,,type_2,market_2
2022-03-18,23.0,1.0,1.0,4.0,1.0,,2.0,1.0,type_5,market_2
2022-01-07,,,,,,,,,type_4,market_2
2022-01-12,6.0,0.0,0.0,0.0,0.0,0.0,0.0,1.0,type_1,market_2
2022-02-02,1.0,,,,,,,,type_3,market_2
2022-02-04,,,,,,,,,type_4,market_2
2022-02-18,3.0,0.0,0.0,0.0,0.0,0.0,0.0,0.0,type_1,market_2
2022-02-17,1.0,1.0,,,,,,,type_3,market_2
2022-02-20,1.0,0.0,0.0,0.0,0.0,0.0,0.0,0.0,type_1,market_2
2022-03-23,26.0,2.0,2.0,1.0,,,,,type_5,market_2
2022-02-11,,,,,,,,,type_4,market_2
2022-03-19,,,,,,,,,type_4,market_2
2022-02-16,21.0,,3.0,,,1.0,1.0,,type_5,market_2
2022-02-03,36.0,1.0,1.0,,5.0,1.0,1.0,1.0,type_2,market_2
2022-03-01,,,,,,,,,type_3,market_2
2022-03-05,1.0,0.0,0.0,0.0,0.0,0.0,0.0,0.0,type_1,market_2
2022-03-25,25.0,1.0,,,,,,,type_5,market_2
2022-03-28,6.0,0.0,0.0,1.0,0.0,0.0,0.0,0.0,type_1,market_2
2022-03-06,,0.0,0.0,0.0,0.0,0.0,0.0,0.0,type_1,market_2
2022-01-28,10.0,,,1.0,,,,,type_5,market_2
2022-02-13,3.0,0.0,0.0,0.0,0.0,0.0,0.0,0.0,type_1,market_2
2022-01-05,39.0,3.0,1.0,,,,,,type_2,market_2
2022-01-14,28.0,2.0,,,,,,,type_2,market_2
2022-03-02,3.0,,,,,,,1.0,type_3,market_2
2022-03-14,,,,,,,,,type_4,market_2
2022-02-13,12.0,1.0,,,,,,,type_5,market_2
2022-02-21,18.0,1.0,,,1.0,,,3.0,type_2,market_2
2022-02-05,,,,,,,,,type_3,market_2
2022-01-08,21.0,2.0,1.0,,2.0,1.0,1.0,,type_5,market_2
2022-03-01,1.0,0.0,0.0,0.0,0.0,0.0,0.0,0.0,type_1,market_2
2022-01-14,1.0,,,,,,,,type_4,market_2
2022-02-08,,,,,,,,,type_4,market_2
2022-02-24,1.0,,,,,,1.0,,type_3,market_2
2022-01-24,20.0,3.0,,,,,,1.0,type_2,market_2
2022-02-04,,,,,,,,,type_3,market_2
2022-02-18,1.0,,,,,,,,type_3,market_2
2022-01-16,3.0,0.0,0.0,0.0,0.0,0.0,0.0,0.0,type_1,market_2
2022-03-06,10.0,5.0,1.0,,,,,,type_5,market_2
2022-03-17,13.0,,1.0,,1.0,,,1.0,type_2,market_2
2022-02-06,,,,,,,,,type_3,market_2
2022-02-19,,,,,,,,,type_4,market_2
2022-02-23,1.0,0.0,0.0,0.0,0.0,0.0,0.0,0.0,type_1,market_2
2022-03-16,5.0,0.0,0.0,0.0,0.0,0.0,0.0,0.0,type_1,market_2
2022-02-12,16.0,,1.0,1.0,1.0,,,,type_5,market_2
2022-03-30,3.0,1.0,0.0,0.0,0.0,0.0,0.0,0.0,type_1,market_2
2022-02-27,8.0,1.0,,,,,,,type_5,market_2
2022-03-15,5.0,0.0,0.0,0.0,0.0,0.0,0.0,0.0,type_1,market_2
2022-02-09,,,,,,,,,type_3,market_2
2022-02-03,3.0,0.0,0.0,0.0,0.0,0.0,0.0,0.0,type_1,market_2
2022-02-26,1.0,0.0,1.0,0.0,0.0,0.0,0.0,0.0,type_1,market_2
2022-02-27,,0.0,0.0,0.0,0.0,0.0,0.0,0.0,type_1,market_2
2022-01-31,38.0,,,1.0,,1.0,,,type_2,market_2
2022-03-05,,,,,,,,,type_3,market_2
2022-03-08,,,,,,,,,type_3,market_2
2022-03-11,17.0,,,,,,,,type_2,market_2
2022-03-25,23.0,1.0,,,,1.0,,,type_2,market_2
2022-03-23,28.0,,1.0,,,,,,type_2,market_2
2022-02-19,14.0,,1.0,,,,,,type_2,market_2
2022-03-23,,,,,,,,,type_4,market_2
2022-01-07,1.0,,,,,,,,type_3,market_2
2022-01-23,,,,,,,,,type_3,market_2
2022-02-25,14.0,1.0,,2.0,,,,,type_5,market_2
2022-03-07,34.0,5.0,,1.0,,,,,type_5,market_2
2022-02-19,3.0,0.0,0.0,0.0,0.0,0.0,0.0,0.0,type_1,market_2
2022-03-07,2.0,,,,,,,,type_3,market_2
2022-03-21,2.0,,,1.0,,,,2.0,type_3,market_2
2022-03-25,,,,,1.0,,,1.0,type_3,market_2
2022-03-15,26.0,2.0,1.0,1.0,,,,2.0,type_5,market_2
2022-02-18,25.0,,,1.0,2.0,1.0,1.0,,type_2,market_2
2022-02-10,13.0,,,,,,,,type_5,market_2
2022-01-01,,,,,,,,,type_3,market_2
2022-02-12,2.0,0.0,0.0,0.0,0.0,0.0,0.0,0.0,type_1,market_2
2022-01-10,26.0,1.0,4.0,1.0,,,,1.0,type_5,market_2
2022-01-25,30.0,2.0,,,,,,,type_5,market_2
2022-01-21,23.0,2.0,1.0,1.0,2.0,,,,type_5,market_2
2022-03-27,11.0,1.0,,,,,,,type_2,market_2
2022-03-09,17.0,3.0,,2.0,1.0,3.0,,,type_5,market_2
2022-01-13,,,,,,,,,type_4,market_2
2022-02-10,5.0,0.0,0.0,0.0,0.0,0.0,0.0,1.0,type_1,market_2
2022-01-03,66.0,3.0,3.0,4.0,6.0,2.0,1.0,2.0,type_2,market_2
2022-02-01,2.0,1.0,0.0,1.0,0.0,0.0,0.0,0.0,type_1,market_2
2022-01-28,3.0,0.0,0.0,0.0,0.0,0.0,0.0,0.0,type_1,market_2
2022-01-17,26.0,2.0,,,,,,,type_2,market_2
2022-01-09,1.0,1.0,,,,,,,type_3,market_2
2022-03-02,27.0,4.0,,1.0,,3.0,,,type_5,market_2
2022-03-04,4.0,,,1.0,,1.0,,,type_3,market_2
2022-01-30,10.0,2.0,,,,,,,type_5,market_2
2022-02-15,,,,,,,,,type_4,market_2
2022-01-31,2.0,,,,,,,,type_4,market_2
2022-01-06,1.0,,,,,,,,type_4,market_2
2022-01-18,5.0,0.0,0.0,0.0,0.0,0.0,0.0,0.0,type_1,market_2
2022-03-07,33.0,1.0,1.0,,,,,3.0,type_2,market_2
2022-01-04,48.0,7.0,4.0,2.0,,,1.0,2.0,type_2,market_2
2022-03-16,18.0,1.0,1.0,1.0,,,,,type_2,market_2
2022-01-07,5.0,0.0,0.0,0.0,0.0,1.0,0.0,0.0,type_1,market_2
2022-03-30,31.0,1.0,,,,,,2.0,type_2,market_2
2022-01-12,27.0,1.0,1.0,,,,,2.0,type_5,market_2
2022-03-14,,,,,,,,,type_3,market_2
2022-01-08,20.0,,,,,,,,type_2,market_2
2022-03-24,33.0,1.0,,,4.0,1.0,1.0,,type_5,market_2
2022-02-20,14.0,1.0,1.0,,,,,1.0,type_5,market_2
2022-02-24,26.0,,1.0,,,,1.0,,type_5,market_2
2022-03-04,1.0,0.0,0.0,0.0,0.0,0.0,0.0,0.0,type_1,market_2
2022-03-03,24.0,,2.0,,,,,,type_5,market_2
2022-01-19,,,,,,,,,type_3,market_2
2022-01-15,22.0,1.0,1.0,,2.0,,1.0,1.0,type_5,market_2
2022-02-16,2.0,,,,,,,,type_3,market_2
2022-01-25,4.0,0.0,0.0,0.0,0.0,0.0,0.0,0.0,type_1,market_2
2022-01-01,2.0,0.0,0.0,0.0,0.0,0.0,0.0,0.0,type_1,market_2
2022-03-18,,,,,,,,,type_4,market_2
2022-02-25,,,,,,,,,type_3,market_2
2022-01-30,,1.0,,,,,,,type_4,market_2
2022-02-05,1.0,0.0,1.0,0.0,0.0,0.0,0.0,0.0,type_1,market_2
2022-03-08,25.0,2.0,3.0,,,,,2.0,type_5,market_2
2022-01-21,1.0,,,,,,,,type_4,market_2
2022-02-01,17.0,4.0,,,1.0,1.0,1.0,,type_5,market_2
2022-02-14,18.0,1.0,,,,,,,type_5,market_2
2022-01-12,1.0,,,,,,,,type_3,market_2
2022-03-08,,,,,,,,,type_4,market_2
2022-01-06,8.0,0.0,0.0,0.0,0.0,0.0,1.0,0.0,type_1,market_2
2022-01-11,33.0,4.0,,1.0,,,,,type_5,market_2
2022-03-25,1.0,,,,,,,,type_4,market_2
2022-02-15,1.0,0.0,0.0,0.0,0.0,0.0,0.0,0.0,type_1,market_2
2022-01-11,22.0,2.0,1.0,,,,,,type_2,market_2
2022-02-08,4.0,0.0,0.0,0.0,0.0,0.0,0.0,0.0,type_1,market_2
2022-01-02,,,,,,,,,type_3,market_2
2022-01-15,15.0,1.0,,,,,,,type_2,market_2
2022-03-10,2.0,1.0,0.0,0.0,0.0,0.0,0.0,0.0,type_1,market_2
2022-03-22,2.0,0.0,0.0,0.0,0.0,0.0,1.0,0.0,type_1,market_2
2022-02-08,1.0,,,,,,,,type_3,market_2
2022-01-16,1.0,,,,,,,,type_3,market_2
2022-03-10,23.0,,,1.0,2.0,,1.0,1.0,type_5,market_2
2022-01-20,21.0,,,,1.0,2.0,,,type_2,market_2
2022-03-03,4.0,0.0,0.0,0.0,0.0,0.0,0.0,0.0,type_1,market_2
2022-01-22,,,,,,,,,type_3,market_2
2022-03-13,10.0,,,,,,,,type_2,market_2
2022-03-06,9.0,,1.0,,,,,,type_2,market_2
2022-03-17,,,,,,,,,type_4,market_2
2022-03-24,1.0,,,,,,,,type_4,market_2
2022-01-26,3.0,,,,,,,,type_3,market_2
2022-03-05,,,,,,,,,type_4,market_2
2022-03-12,,,,,,,,,type_4,market_2
2022-01-27,,,,,,,,,type_4,market_2
2022-03-12,16.0,1.0,2.0,,,,,,type_5,market_2
2022-03-19,9.0,,1.0,,,1.0,,,type_2,market_2
2022-02-22,1.0,,,,,,,,type_4,market_2
2022-02-06,4.0,1.0,,,,1.0,,1.0,type_2,market_2
2022-02-21,1.0,,,,,,,,type_4,market_2
2022-03-19,5.0,0.0,0.0,0.0,0.0,0.0,0.0,0.0,type_1,market_2
2022-01-19,24.0,,1.0,,1.0,1.0,,,type_2,market_2
2022-01-18,39.0,1.0,,1.0,,1.0,,,type_5,market_2
2022-03-09,5.0,0.0,0.0,0.0,0.0,0.0,0.0,0.0,type_1,market_2
2022-01-19,2.0,0.0,0.0,0.0,0.0,0.0,0.0,0.0,type_1,market_2
2022-03-06,,,,,,,,,type_4,market_2
2022-03-17,,,,,,,,,type_3,market_2
2022-03-08,24.0,3.0,,,,,,2.0,type_2,market_2
2022-01-09,13.0,,,,,2.0,,,type_5,market_2
2022-01-02,4.0,0.0,0.0,1.0,0.0,0.0,0.0,0.0,type_1,market_2
2022-01-06,29.0,5.0,,,,,,,type_2,market_2
2022-01-11,,,,,,,,,type_4,market_2
2022-02-07,19.0,,,1.0,,,,,type_2,market_2
2022-01-03,12.0,0.0,0.0,1.0,0.0,0.0,0.0,0.0,type_1,market_2
2022-02-10,19.0,3.0,,,,,,2.0,type_2,market_2
2022-03-02,32.0,,4.0,,1.0,,,1.0,type_2,market_2
2022-03-19,2.0,,,,,,,,type_3,market_2
2022-01-08,,,,,,,,,type_4,market_2
2022-02-27,11.0,1.0,,,,,,,type_2,market_2
2022-03-03,,,,,,,,,type_3,market_2
2022-01-25,1.0,,,,,,,,type_3,market_2
2022-02-02,4.0,0.0,2.0,0.0,0.0,0.0,0.0,0.0,type_1,market_2
2022-02-25,13.0,,,2.0,,,1.0,,type_2,market_2
2022-02-08,17.0,3.0,,,,,,,type_2,market_2
2022-02-19,,,,,,,,,type_3,market_2
2022-03-01,,,,,,,,,type_4,market_2
2022-01-29,,,1.0,,,,,,type_3,market_2
2022-03-06,,,,,,,,,type_3,market_2
2022-01-28,,,,,,,,,type_3,market_2
2022-01-31,1.0,0.0,0.0,1.0,0.0,0.0,0.0,0.0,type_1,market_2
2022-03-14,5.0,0.0,0.0,0.0,0.0,0.0,0.0,0.0,type_1,market_2
2022-01-19,32.0,,3.0,1.0,,2.0,3.0,,type_5,market_2
2022-03-15,23.0,1.0,1.0,,,,,2.0,type_2,market_2
2022-01-22,3.0,0.0,0.0,0.0,0.0,0.0,0.0,0.0,type_1,market_2
2022-01-02,22.0,2.0,1.0,2.0,,,,,type_5,market_2
2022-02-21,1.0,0.0,0.0,0.0,0.0,0.0,0.0,0.0,type_1,market_2
2022-02-13,,,,,,,,,type_4,market_2
2022-03-21,32.0,2.0,,1.0,,,,1.0,type_2,market_2
2022-01-02,12.0,1.0,2.0,1.0,3.0,,,,type_2,market_2
2022-01-13,22.0,6.0,1.0,,,,1.0,,type_5,market_2
2022-02-05,,,,,,,,,type_4,market_2
2022-03-11,,,,,,,,,type_3,market_2
2022-02-06,,1.0,0.0,0.0,0.0,0.0,0.0,0.0,type_1,market_2
2022-01-17,25.0,2.0,2.0,1.0,,2.0,,,type_5,market_2
2022-01-23,1.0,0.0,0.0,0.0,0.0,0.0,0.0,0.0,type_1,market_2
2022-03-05,16.0,,2.0,1.0,,2.0,,,type_2,market_2
2022-02-22,23.0,1.0,4.0,,,1.0,1.0,,type_5,market_2
2022-03-11,4.0,0.0,0.0,0.0,0.0,0.0,0.0,0.0,type_1,market_2
2022-02-11,18.0,1.0,,,1.0,3.0,,,type_5,market_2
2022-02-12,11.0,1.0,,1.0,,,,,type_2,market_2
2022-02-26,,,,,,,,,type_3,market_2
2022-01-04,8.0,1.0,1.0,0.0,0.0,0.0,0.0,0.0,type_1,market_2
2022-03-09,25.0,4.0,1.0,1.0,,,1.0,,type_2,market_2
2022-02-02,24.0,1.0,,,1.0,1.0,1.0,,type_2,market_2
2022-02-28,5.0,0.0,0.0,0.0,0.0,0.0,0.0,0.0,type_1,market_2
2022-02-10,1.0,,,,1.0,,1.0,,type_3,market_2
2022-02-17,4.0,0.0,0.0,0.0,0.0,2.0,0.0,0.0,type_1,market_2
2022-01-05,1.0,,,,,,,,type_4,market_2
2022-01-03,1.0,,,,,,,,type_4,market_2
2022-01-21,1.0,0.0,0.0,0.0,0.0,0.0,0.0,0.0,type_1,market_2
2022-03-20,1.0,0.0,0.0,0.0,0.0,0.0,0.0,0.0,type_1,market_2
2022-01-01,20.0,3.0,1.0,,,,1.0,,type_5,market_2
2022-02-17,9.0,3.0,1.0,,2.0,2.0,,2.0,type_3,market_3
2022-01-04,8.0,3.0,3.0,,,,,1.0,type_3,market_3
2022-03-16,27.0,3.0,2.0,2.0,,,,1.0,type_2,market_3
2022-01-23,9.0,,,,,,1.0,1.0,type_2,market_3
2022-02-06,2.0,,,,,,,,type_4,market_3
2022-03-16,,,,,,,,,type_4,market_3
2022-03-13,8.0,3.0,5.0,,2.0,,,,type_3,market_3
2022-02-09,27.0,1.0,2.0,,3.0,1.0,,,type_2,market_3
2022-03-30,33.0,2.0,2.0,1.0,1.0,,,,type_2,market_3
2022-02-11,18.0,5.0,10.0,4.0,5.0,5.0,5.0,3.0,type_1,market_3
2022-03-02,33.0,3.0,1.0,2.0,,,2.0,3.0,type_2,market_3
2022-03-22,110.0,15.0,11.0,8.0,1.0,,3.0,2.0,type_5,market_3
2022-01-30,17.0,,,,,,,1.0,type_2,market_3
2022-03-12,,,1.0,,,,,,type_4,market_3
2022-03-05,3.0,,1.0,,1.0,,,,type_3,market_3
2022-01-07,31.0,,,,,,1.0,,type_2,market_3
2022-02-07,30.0,,,4.0,2.0,1.0,2.0,1.0,type_2,market_3
2022-01-05,12.0,3.0,0.0,1.0,0.0,1.0,0.0,0.0,type_1,market_3
2022-02-03,58.0,20.0,2.0,1.0,4.0,6.0,1.0,1.0,type_5,market_3
2022-01-04,7.0,0.0,4.0,0.0,0.0,0.0,0.0,0.0,type_1,market_3
2022-01-27,36.0,4.0,,3.0,,2.0,,1.0,type_2,market_3
2022-01-20,,,,,,,,,type_4,market_3
2022-03-27,44.0,13.0,2.0,1.0,7.0,1.0,2.0,1.0,type_5,market_3
2022-01-28,14.0,4.0,6.0,9.0,9.0,4.0,4.0,4.0,type_1,market_3
2022-02-02,72.0,6.0,8.0,1.0,2.0,9.0,6.0,1.0,type_5,market_3
2022-01-27,10.0,3.0,,,2.0,,,,type_3,market_3
2022-01-24,153.0,14.0,4.0,4.0,10.0,4.0,,4.0,type_5,market_3
2022-01-13,2.0,,,,,,,,type_4,market_3
2022-02-15,18.0,2.0,1.0,1.0,1.0,,,2.0,type_3,market_3
2022-02-12,9.0,,5.0,,,2.0,2.0,1.0,type_3,market_3
2022-03-22,13.0,5.0,4.0,4.0,1.0,,4.0,1.0,type_3,market_3
2022-01-03,46.0,1.0,3.0,2.0,,,,,type_2,market_3
2022-03-13,21.0,,,,3.0,,,,type_2,market_3
2022-01-15,4.0,,,2.0,,,,,type_3,market_3
2022-01-11,,,,,,,,,type_4,market_3
2022-01-25,26.0,,2.0,2.0,1.0,1.0,2.0,,type_2,market_3
2022-02-22,227.0,69.0,5.0,2.0,1.0,1.0,,1.0,type_5,market_3
2022-02-08,10.0,2.0,1.0,2.0,2.0,,4.0,3.0,type_3,market_3
2022-02-16,41.0,4.0,3.0,,,2.0,3.0,1.0,type_2,market_3
2022-02-14,40.0,1.0,1.0,1.0,2.0,1.0,,1.0,type_2,market_3
2022-01-13,190.0,15.0,3.0,2.0,2.0,3.0,7.0,5.0,type_5,market_3
2022-01-15,20.0,1.0,,,2.0,1.0,,,type_2,market_3
2022-03-01,42.0,1.0,2.0,2.0,2.0,,1.0,,type_2,market_3
2022-02-17,34.0,3.0,1.0,1.0,4.0,2.0,1.0,3.0,type_2,market_3
2022-03-15,34.0,,2.0,2.0,2.0,,1.0,1.0,type_2,market_3
2022-03-29,7.0,1.0,6.0,4.0,0.0,0.0,0.0,0.0,type_1,market_3
2022-01-16,17.0,2.0,1.0,,1.0,1.0,,,type_2,market_3
2022-03-20,1.0,,,,,,,,type_4,market_3
2022-01-30,8.0,8.0,8.0,4.0,4.0,4.0,4.0,2.0,type_1,market_3
2022-02-20,104.0,5.0,5.0,2.0,1.0,2.0,,1.0,type_5,market_3
2022-01-02,11.0,0.0,0.0,0.0,0.0,0.0,0.0,1.0,type_1,market_3
2022-03-23,150.0,21.0,2.0,3.0,1.0,2.0,4.0,5.0,type_5,market_3
2022-03-07,15.0,4.0,3.0,7.0,2.0,2.0,3.0,1.0,type_3,market_3
2022-03-24,12.0,5.0,2.0,,4.0,3.0,,2.0,type_3,market_3
2022-03-21,65.0,7.0,6.0,4.0,3.0,1.0,,3.0,type_5,market_3
2022-03-31,129.0,8.0,3.0,,1.0,2.0,4.0,2.0,type_5,market_3
2022-02-28,69.0,3.0,4.0,,,,,3.0,type_5,market_3
2022-01-18,30.0,1.0,6.0,,,,,,type_2,market_3
2022-01-18,3.0,1.0,1.0,0.0,0.0,0.0,0.0,0.0,type_1,market_3
2022-03-24,39.0,2.0,,,1.0,5.0,2.0,,type_2,market_3
2022-01-21,14.0,,,2.0,1.0,2.0,1.0,,type_3,market_3
2022-02-05,89.0,7.0,5.0,1.0,,1.0,2.0,2.0,type_5,market_3
2022-02-26,,,,,,,,,type_4,market_3
2022-03-28,84.0,16.0,4.0,11.0,4.0,3.0,2.0,1.0,type_5,market_3
2022-03-23,18.0,1.0,4.0,1.0,1.0,1.0,2.0,2.0,type_3,market_3
2022-01-31,13.0,8.0,4.0,4.0,4.0,4.0,2.0,2.0,type_1,market_3
2022-03-19,,,,,,,,,type_4,market_3
2022-02-22,9.0,2.0,1.0,,,,,,type_3,market_3
2022-02-06,20.0,,2.0,2.0,1.0,2.0,,3.0,type_2,market_3
2022-01-25,9.0,,,5.0,1.0,,,,type_3,market_3
2022-03-27,11.0,,1.0,,,,,,type_2,market_3
2022-02-19,,,,,,,,,type_4,market_3
2022-01-23,,,,,,,,,type_4,market_3
2022-03-12,5.0,2.0,0.0,0.0,0.0,0.0,0.0,0.0,type_1,market_3
2022-03-19,24.0,,3.0,,,1.0,,2.0,type_2,market_3
2022-01-08,16.0,,,,,,,,type_2,market_3
2022-01-13,74.0,4.0,3.0,2.0,,,,2.0,type_2,market_3
2022-03-26,13.0,1.0,2.0,2.0,,1.0,,,type_2,market_3
2022-01-26,29.0,2.0,4.0,,2.0,,5.0,1.0,type_2,market_3
2022-02-08,10.0,4.0,7.0,5.0,4.0,10.0,4.0,5.0,type_1,market_3
2022-01-06,26.0,1.0,0.0,1.0,1.0,2.0,0.0,1.0,type_1,market_3
2022-02-05,7.0,1.0,,,1.0,,,,type_3,market_3
2022-01-19,28.0,5.0,,,,,1.0,,type_2,market_3
2022-02-15,22.0,1.0,,,,2.0,,2.0,type_2,market_3
2022-02-13,10.0,3.0,1.0,,,,1.0,1.0,type_3,market_3
2022-03-15,25.0,3.0,4.0,2.0,,,3.0,3.0,type_3,market_3
2022-02-08,27.0,4.0,3.0,3.0,,4.0,3.0,2.0,type_2,market_3
2022-01-31,3.0,,,,,,,,type_4,market_3
2022-01-22,19.0,,,,,,1.0,,type_2,market_3
2022-03-11,16.0,4.0,3.0,2.0,7.0,2.0,1.0,1.0,type_3,market_3
2022-03-18,,,,,,,,,type_4,market_3
2022-02-18,9.0,2.0,,1.0,1.0,,2.0,1.0,type_3,market_3
2022-01-03,15.0,0.0,0.0,2.0,1.0,0.0,0.0,0.0,type_1,market_3
2022-01-10,1.0,,,,,,,,type_4,market_3
2022-02-01,34.0,,,2.0,2.0,,1.0,2.0,type_2,market_3
2022-01-12,11.0,3.0,2.0,1.0,1.0,,,,type_3,market_3
2022-02-16,15.0,4.0,2.0,2.0,,2.0,4.0,1.0,type_3,market_3
2022-03-14,13.0,4.0,3.0,4.0,2.0,,,2.0,type_3,market_3
2022-02-24,55.0,4.0,,1.0,,,2.0,1.0,type_5,market_3
2022-02-15,,,,1.0,,,,,type_4,market_3
2022-02-11,13.0,2.0,1.0,6.0,2.0,2.0,2.0,1.0,type_3,market_3
2022-01-18,14.0,,,,,,,,type_3,market_3
2022-03-05,15.0,2.0,,2.0,1.0,3.0,,1.0,type_2,market_3
2022-01-21,,,,,,,,,type_4,market_3
2022-01-04,1.0,,,,,,,,type_4,market_3
2022-03-27,5.0,5.0,,1.0,1.0,1.0,1.0,,type_3,market_3
2022-02-09,10.0,8.0,3.0,5.0,10.0,5.0,5.0,4.0,type_1,market_3
2022-03-12,38.0,4.0,8.0,6.0,4.0,2.0,2.0,,type_5,market_3
2022-02-02,7.0,4.0,4.0,4.0,2.0,1.0,5.0,4.0,type_1,market_3
2022-03-16,14.0,4.0,4.0,,2.0,2.0,1.0,1.0,type_3,market_3
2022-01-30,43.0,7.0,4.0,,1.0,3.0,2.0,1.0,type_5,market_3
2022-03-10,6.0,0.0,1.0,1.0,0.0,0.0,0.0,0.0,type_1,market_3
2022-03-10,25.0,1.0,1.0,,1.0,3.0,,,type_2,market_3
2022-02-17,5.0,1.0,,,,1.0,,,type_4,market_3
2022-01-01,2.0,0.0,1.0,0.0,0.0,1.0,0.0,0.0,type_1,market_3
2022-03-04,181.0,44.0,16.0,10.0,6.0,6.0,2.0,6.0,type_5,market_3
2022-02-14,373.0,63.0,16.0,9.0,13.0,10.0,4.0,1.0,type_5,market_3
2022-01-21,173.0,7.0,2.0,10.0,2.0,2.0,4.0,8.0,type_5,market_3
2022-02-25,7.0,5.0,5.0,12.0,1.0,3.0,2.0,4.0,type_1,market_3
2022-01-25,58.0,4.0,3.0,6.0,2.0,1.0,4.0,10.0,type_5,market_3
2022-01-03,1.0,,,,,,,,type_4,market_3
2022-01-14,1.0,,,1.0,,,,,type_4,market_3
2022-01-06,33.0,3.0,1.0,1.0,1.0,4.0,1.0,4.0,type_2,market_3
2022-03-05,,,,,,,,,type_4,market_3
2022-01-03,62.0,7.0,6.0,8.0,5.0,4.0,,1.0,type_5,market_3
2022-02-09,70.0,4.0,10.0,3.0,3.0,15.0,5.0,2.0,type_5,market_3
2022-03-08,28.0,2.0,,,,1.0,2.0,1.0,type_2,market_3
2022-03-22,5.0,0.0,0.0,0.0,0.0,0.0,0.0,1.0,type_1,market_3
2022-03-23,1.0,,,,,,,,type_4,market_3
2022-02-24,4.0,6.0,3.0,5.0,13.0,1.0,3.0,2.0,type_1,market_3
2022-02-05,8.0,2.0,1.0,4.0,4.0,7.0,3.0,4.0,type_1,market_3
2022-01-12,,1.0,,,,,,,type_4,market_3
2022-03-06,60.0,5.0,4.0,2.0,,8.0,,,type_5,market_3
2022-03-10,105.0,16.0,3.0,7.0,11.0,3.0,10.0,5.0,type_5,market_3
2022-03-31,11.0,5.0,1.0,0.0,0.0,0.0,0.0,2.0,type_1,market_3
2022-03-11,3.0,2.0,0.0,2.0,0.0,2.0,0.0,0.0,type_1,market_3
2022-01-09,11.0,,1.0,,1.0,,1.0,2.0,type_2,market_3
2022-02-21,4.0,7.0,2.0,0.0,6.0,3.0,5.0,13.0,type_1,market_3
2022-02-26,7.0,,2.0,,,,,,type_3,market_3
2022-02-06,2.0,1.0,5.0,5.0,7.0,3.0,4.0,10.0,type_1,market_3
2022-01-25,2.0,,,,,,,,type_4,market_3
2022-01-24,,1.0,,,,,,,type_4,market_3
2022-01-02,2.0,,,,,,,,type_3,market_3
2022-02-21,131.0,10.0,3.0,1.0,3.0,,2.0,1.0,type_5,market_3
2022-01-26,16.0,7.0,5.0,4.0,6.0,8.0,8.0,4.0,type_1,market_3
2022-01-10,4.0,0.0,0.0,1.0,1.0,0.0,1.0,0.0,type_1,market_3
2022-03-01,51.0,11.0,8.0,20.0,9.0,3.0,4.0,3.0,type_5,market_3
2022-03-30,2.0,,,,,,,,type_4,market_3
2022-03-18,84.0,6.0,1.0,5.0,5.0,11.0,2.0,4.0,type_5,market_3
2022-02-28,22.0,2.0,4.0,2.0,4.0,1.0,0.0,0.0,type_1,market_3
2022-03-17,12.0,3.0,,1.0,2.0,2.0,1.0,2.0,type_3,market_3
2022-02-15,158.0,17.0,15.0,15.0,6.0,2.0,9.0,4.0,type_5,market_3
2022-01-11,7.0,2.0,1.0,2.0,,,,,type_3,market_3
2022-02-12,11.0,12.0,5.0,5.0,4.0,5.0,3.0,6.0,type_1,market_3
2022-03-25,18.0,4.0,2.0,6.0,1.0,1.0,6.0,4.0,type_1,market_3
2022-01-01,2.0,,1.0,1.0,1.0,,,,type_3,market_3
2022-03-07,,,,,,,,,type_4,market_3
2022-01-29,12.0,6.0,8.0,8.0,4.0,4.0,4.0,4.0,type_1,market_3
2022-03-02,16.0,1.0,1.0,2.0,,1.0,,3.0,type_3,market_3
2022-01-27,,,,,,,,,type_4,market_3
2022-01-13,9.0,3.0,0.0,1.0,0.0,0.0,0.0,0.0,type_1,market_3
2022-01-17,5.0,3.0,,1.0,2.0,,,,type_3,market_3
2022-03-29,38.0,5.0,1.0,4.0,,1.0,,,type_2,market_3
2022-03-27,,,,,,,,,type_4,market_3
2022-02-01,1.0,,,,,,,,type_4,market_3
2022-01-12,54.0,7.0,9.0,2.0,3.0,3.0,1.0,3.0,type_5,market_3
2022-03-09,105.0,26.0,16.0,1.0,6.0,7.0,5.0,12.0,type_5,market_3
2022-03-06,15.0,,1.0,1.0,,,,,type_2,market_3
2022-01-07,,,,1.0,,,,,type_4,market_3
2022-03-12,22.0,2.0,1.0,1.0,1.0,1.0,1.0,1.0,type_2,market_3
2022-01-20,64.0,8.0,3.0,,1.0,5.0,1.0,1.0,type_5,market_3
2022-03-18,14.0,1.0,,3.0,,,2.0,,type_3,market_3
2022-01-20,37.0,2.0,1.0,,,1.0,1.0,1.0,type_2,market_3
2022-03-17,,,,,,,,,type_4,market_3
2022-03-04,2.0,,,,,,,,type_4,market_3
2022-03-15,,,,,,,,,type_4,market_3
2022-03-24,18.0,4.0,4.0,2.0,5.0,2.0,0.0,6.0,type_1,market_3
2022-03-22,,,1.0,,,,,,type_4,market_3
2022-01-12,50.0,1.0,1.0,2.0,,,,1.0,type_2,market_3
2022-01-08,36.0,3.0,7.0,6.0,3.0,3.0,3.0,1.0,type_5,market_3
2022-02-25,35.0,,,1.0,1.0,1.0,,,type_2,market_3
2022-02-13,17.0,5.0,4.0,4.0,5.0,3.0,6.0,2.0,type_1,market_3
2022-02-21,,,,,,,,,type_4,market_3
2022-03-02,7.0,3.0,6.0,0.0,0.0,0.0,1.0,0.0,type_1,market_3
2022-02-19,11.0,2.0,3.0,7.0,2.0,0.0,6.0,3.0,type_1,market_3
2022-02-25,1.0,,,,,,,,type_4,market_3
2022-02-07,19.0,4.0,,3.0,3.0,,,5.0,type_3,market_3
2022-03-23,5.0,3.0,4.0,4.0,2.0,6.0,2.0,0.0,type_1,market_3
2022-01-09,36.0,8.0,7.0,3.0,5.0,3.0,3.0,1.0,type_5,market_3
2022-01-03,10.0,2.0,2.0,,,,1.0,,type_3,market_3
2022-01-27,68.0,11.0,8.0,3.0,8.0,4.0,4.0,2.0,type_5,market_3
2022-01-14,197.0,11.0,3.0,1.0,2.0,4.0,2.0,7.0,type_5,market_3
2022-01-04,60.0,4.0,11.0,6.0,2.0,1.0,1.0,2.0,type_5,market_3
2022-03-01,14.0,2.0,2.0,,1.0,1.0,3.0,3.0,type_3,market_3
2022-03-09,4.0,2.0,1.0,0.0,0.0,1.0,0.0,0.0,type_1,market_3
2022-02-23,32.0,2.0,1.0,2.0,1.0,,1.0,1.0,type_2,market_3
2022-03-01,5.0,3.0,3.0,6.0,0.0,0.0,0.0,0.0,type_1,market_3
2022-01-14,34.0,2.0,,2.0,,,,1.0,type_2,market_3
2022-01-09,4.0,0.0,1.0,0.0,1.0,1.0,0.0,0.0,type_1,market_3
2022-03-04,17.0,3.0,0.0,0.0,1.0,0.0,1.0,0.0,type_1,market_3
2022-01-07,13.0,0.0,0.0,1.0,0.0,1.0,1.0,1.0,type_1,market_3
2022-01-02,32.0,1.0,,7.0,2.0,,,,type_5,market_3
2022-03-14,48.0,3.0,1.0,1.0,,1.0,1.0,1.0,type_2,market_3
2022-03-24,380.0,25.0,7.0,2.0,4.0,2.0,1.0,2.0,type_5,market_3
2022-02-05,18.0,2.0,3.0,2.0,2.0,3.0,2.0,1.0,type_2,market_3
2022-02-12,18.0,2.0,2.0,2.0,,,,3.0,type_2,market_3
2022-03-31,1.0,,,,,,,,type_4,market_3
2022-01-14,23.0,2.0,,,4.0,,,,type_3,market_3
2022-02-18,454.0,29.0,4.0,15.0,14.0,10.0,7.0,3.0,type_5,market_3
2022-02-27,9.0,13.0,1.0,3.0,2.0,4.0,0.0,0.0,type_1,market_3
2022-02-08,68.0,6.0,15.0,2.0,,2.0,2.0,4.0,type_5,market_3
2022-03-21,29.0,1.0,,1.0,1.0,,1.0,,type_2,market_3
2022-02-24,11.0,1.0,1.0,,2.0,3.0,,1.0,type_3,market_3
2022-01-21,6.0,0.0,0.0,0.0,0.0,0.0,0.0,1.0,type_1,market_3
2022-03-27,5.0,6.0,1.0,0.0,7.0,4.0,0.0,0.0,type_1,market_3
2022-03-09,,,,,,,,,type_4,market_3
2022-01-08,5.0,0.0,0.0,0.0,1.0,1.0,1.0,0.0,type_1,market_3
2022-01-19,72.0,10.0,9.0,5.0,,4.0,1.0,1.0,type_5,market_3
2022-03-11,73.0,7.0,6.0,8.0,7.0,11.0,12.0,12.0,type_5,market_3
2022-02-07,1.0,,,,,,,,type_4,market_3
2022-01-05,32.0,1.0,,1.0,,,,,type_2,market_3
2022-02-19,7.0,1.0,3.0,3.0,4.0,1.0,,,type_3,market_3
2022-02-16,8.0,5.0,3.0,6.0,2.0,3.0,7.0,3.0,type_1,market_3
2022-02-01,10.0,1.0,2.0,,,,1.0,,type_3,market_3
2022-02-18,3.0,,,,,,,1.0,type_4,market_3
2022-03-25,1.0,,,,,,1.0,,type_4,market_3
2022-03-13,1.0,,,,,,,,type_4,market_3
2022-03-15,10.0,0.0,0.0,0.0,0.0,0.0,0.0,0.0,type_1,market_3
2022-03-17,26.0,5.0,2.0,,,,1.0,1.0,type_2,market_3
2022-02-12,4.0,,,,,,1.0,,type_4,market_3
2022-02-27,6.0,,,,,,,,type_3,market_3
2022-02-11,136.0,8.0,5.0,5.0,9.0,18.0,10.0,5.0,type_5,market_3
2022-03-10,,,,,,,,,type_4,market_3
2022-03-08,18.0,3.0,8.0,3.0,2.0,2.0,2.0,2.0,type_3,market_3
2022-01-29,,,,,,,,,type_4,market_3
2022-03-25,28.0,2.0,1.0,3.0,2.0,3.0,1.0,,type_2,market_3
2022-01-19,4.0,,2.0,,,,,,type_3,market_3
2022-01-17,1.0,,,,,,,,type_4,market_3
2022-02-14,9.0,5.0,4.0,5.0,4.0,6.0,2.0,3.0,type_1,market_3
2022-02-19,19.0,,,,,,,2.0,type_2,market_3
2022-02-15,8.0,4.0,5.0,3.0,6.0,2.0,3.0,7.0,type_1,market_3
2022-02-12,131.0,43.0,7.0,5.0,6.0,8.0,13.0,3.0,type_5,market_3
2022-01-05,1.0,,,,,,,,type_4,market_3
2022-01-30,4.0,3.0,,,,,1.0,1.0,type_3,market_3
2022-02-18,5.0,6.0,2.0,4.0,7.0,2.0,0.0,6.0,type_1,market_3
2022-02-07,11.0,5.0,4.0,7.0,3.0,5.0,10.0,4.0,type_1,market_3
2022-02-03,7.0,4.0,5.0,2.0,1.0,4.0,4.0,7.0,type_1,market_3
2022-01-22,67.0,5.0,9.0,2.0,4.0,,5.0,4.0,type_5,market_3
2022-02-02,,,,,,,,1.0,type_4,market_3
2022-02-16,98.0,9.0,16.0,17.0,3.0,1.0,17.0,20.0,type_5,market_3
2022-03-20,6.0,1.0,0.0,0.0,0.0,0.0,0.0,0.0,type_1,market_3
2022-03-20,15.0,1.0,,1.0,,,,,type_2,market_3
2022-02-10,38.0,2.0,4.0,6.0,2.0,2.0,1.0,2.0,type_2,market_3
2022-02-11,22.0,2.0,3.0,2.0,1.0,3.0,1.0,3.0,type_2,market_3
2022-03-11,23.0,,1.0,2.0,2.0,1.0,1.0,,type_2,market_3
2022-02-10,182.0,22.0,6.0,3.0,5.0,,2.0,9.0,type_5,market_3
2022-03-14,2.0,,,,,,,,type_4,market_3
2022-03-28,12.0,1.0,3.0,6.0,4.0,0.0,0.0,0.0,type_1,market_3
2022-03-20,46.0,8.0,3.0,,1.0,3.0,,1.0,type_5,market_3
2022-03-17,71.0,29.0,5.0,2.0,4.0,3.0,6.0,5.0,type_5,market_3
2022-01-11,64.0,9.0,9.0,8.0,4.0,4.0,1.0,1.0,type_5,market_3
2022-01-20,10.0,4.0,,,3.0,1.0,,,type_3,market_3
2022-03-23,28.0,1.0,,1.0,1.0,3.0,,2.0,type_2,market_3
2022-02-25,54.0,4.0,1.0,4.0,3.0,1.0,2.0,5.0,type_5,market_3
2022-03-14,153.0,27.0,15.0,9.0,5.0,,2.0,2.0,type_5,market_3
2022-03-03,1.0,,,,,,,,type_4,market_3
2022-02-07,200.0,14.0,6.0,11.0,1.0,2.0,1.0,3.0,type_5,market_3
2022-02-10,5.0,,,,,,,,type_4,market_3
2022-02-25,8.0,3.0,,,1.0,1.0,1.0,1.0,type_3,market_3
2022-03-07,171.0,21.0,20.0,18.0,15.0,3.0,4.0,5.0,type_5,market_3
2022-01-27,13.0,3.0,4.0,6.0,8.0,9.0,4.0,4.0,type_1,market_3
2022-01-23,1.0,,,,,1.0,1.0,,type_3,market_3
2022-03-30,49.0,6.0,4.0,2.0,2.0,2.0,2.0,4.0,type_5,market_3
2022-01-13,24.0,4.0,,,,1.0,,1.0,type_3,market_3
2022-03-13,42.0,21.0,6.0,6.0,4.0,3.0,1.0,,type_5,market_3
2022-03-07,7.0,3.0,0.0,0.0,1.0,0.0,0.0,0.0,type_1,market_3
2022-01-26,1.0,,,,,,,,type_4,market_3
2022-03-19,45.0,1.0,2.0,3.0,,3.0,2.0,2.0,type_5,market_3
2022-01-19,,,,,,,,,type_4,market_3
2022-03-30,14.0,2.0,1.0,1.0,,2.0,2.0,1.0,type_3,market_3
2022-02-04,33.0,,,5.0,,,1.0,3.0,type_2,market_3
2022-01-29,20.0,2.0,,1.0,,,,,type_2,market_3
2022-02-09,2.0,,,,,,,,type_4,market_3
2022-03-29,63.0,7.0,5.0,1.0,2.0,,,1.0,type_5,market_3
2022-02-27,21.0,1.0,1.0,,1.0,,,1.0,type_2,market_3
2022-02-04,1.0,,,,,,,,type_4,market_3
2022-02-02,10.0,3.0,2.0,,1.0,,1.0,,type_3,market_3
2022-03-08,,,,,,,1.0,,type_4,market_3
2022-03-06,3.0,0.0,0.0,0.0,1.0,0.0,0.0,0.0,type_1,market_3
2022-02-28,3.0,,1.0,,1.0,,,,type_3,market_3
2022-01-10,21.0,1.0,,,,,1.0,1.0,type_2,market_3
2022-01-15,44.0,4.0,1.0,3.0,3.0,1.0,1.0,,type_5,market_3
2022-01-06,2.0,,,,1.0,,,,type_4,market_3
2022-01-10,66.0,13.0,4.0,10.0,6.0,5.0,3.0,1.0,type_5,market_3
2022-01-26,240.0,13.0,108.0,5.0,2.0,7.0,12.0,8.0,type_5,market_3
2022-02-05,,1.0,,,,,,,type_4,market_3
2022-01-08,7.0,,1.0,,2.0,,2.0,1.0,type_3,market_3
2022-03-01,1.0,,,,,,,,type_4,market_3
2022-03-02,,,,,,,,,type_4,market_3
2022-01-06,344.0,11.0,10.0,1.0,4.0,12.0,5.0,5.0,type_5,market_3
2022-03-03,10.0,4.0,1.0,0.0,1.0,2.0,1.0,0.0,type_1,market_3
2022-03-05,4.0,0.0,1.0,0.0,0.0,0.0,0.0,0.0,type_1,market_3
2022-01-29,3.0,,1.0,,,,,,type_3,market_3
2022-02-17,10.0,3.0,6.0,2.0,3.0,7.0,2.0,0.0,type_1,market_3
2022-01-19,3.0,1.0,0.0,1.0,0.0,0.0,0.0,0.0,type_1,market_3
2022-01-31,29.0,1.0,1.0,1.0,1.0,1.0,1.0,1.0,type_2,market_3
2022-03-19,4.0,,,,,,,,type_3,market_3
2022-01-28,38.0,2.0,2.0,1.0,2.0,2.0,1.0,1.0,type_2,market_3
2022-02-09,11.0,,3.0,1.0,1.0,3.0,,,type_3,market_3
2022-01-05,25.0,1.0,2.0,,,1.0,1.0,1.0,type_3,market_3
2022-01-16,34.0,3.0,2.0,3.0,1.0,3.0,1.0,2.0,type_5,market_3
2022-01-01,31.0,2.0,,1.0,3.0,,2.0,,type_5,market_3
2022-02-03,,,,,,,,,type_4,market_3
2022-03-21,,,,,,,,,type_4,market_3
2022-03-30,4.0,6.0,4.0,0.0,0.0,0.0,0.0,0.0,type_1,market_3
2022-02-23,3.0,,,,,,,,type_4,market_3
2022-03-08,94.0,19.0,25.0,15.0,2.0,3.0,8.0,2.0,type_5,market_3
2022-02-27,39.0,6.0,1.0,3.0,,2.0,7.0,2.0,type_5,market_3
2022-01-07,75.0,6.0,3.0,11.0,7.0,6.0,6.0,4.0,type_5,market_3
2022-03-21,4.0,0.0,0.0,0.0,0.0,1.0,0.0,0.0,type_1,market_3
2022-02-01,129.0,15.0,5.0,8.0,4.0,2.0,4.0,6.0,type_5,market_3
2022-01-17,9.0,0.0,0.0,0.0,0.0,0.0,0.0,0.0,type_1,market_3
2022-03-16,186.0,33.0,20.0,6.0,4.0,4.0,7.0,8.0,type_5,market_3
2022-01-21,17.0,,,1.0,2.0,1.0,1.0,,type_2,market_3
2022-01-15,,,,,,,,,type_4,market_3
2022-03-02,87.0,28.0,20.0,9.0,3.0,24.0,3.0,,type_5,market_3
2022-03-28,40.0,4.0,1.0,2.0,2.0,,,2.0,type_2,market_3
2022-01-12,11.0,1.0,2.0,0.0,1.0,0.0,0.0,0.0,type_1,market_3
2022-01-23,6.0,6.0,4.0,9.0,6.0,3.0,4.0,6.0,type_1,market_3
2022-02-13,29.0,3.0,3.0,3.0,1.0,,2.0,,type_2,market_3
2022-02-21,38.0,2.0,1.0,1.0,1.0,,,,type_2,market_3
2022-03-29,13.0,2.0,2.0,,,,,2.0,type_3,market_3
2022-03-26,11.0,3.0,6.0,2.0,0.0,7.0,4.0,0.0,type_1,market_3
2022-03-05,127.0,16.0,7.0,6.0,5.0,,6.0,,type_5,market_3
2022-03-09,13.0,8.0,4.0,4.0,2.0,4.0,8.0,4.0,type_3,market_3
2022-02-21,14.0,,5.0,2.0,1.0,1.0,,2.0,type_3,market_3
2022-02-26,25.0,,2.0,1.0,,,,,type_2,market_3
2022-03-07,33.0,4.0,2.0,1.0,,1.0,,2.0,type_2,market_3
2022-02-03,30.0,3.0,2.0,1.0,2.0,,1.0,4.0,type_2,market_3
2022-02-14,7.0,,,,1.0,,,,type_4,market_3
2022-01-09,,1.0,,,,,,,type_4,market_3
2022-01-16,,,,,,,,,type_4,market_3
2022-01-26,12.0,1.0,,,,,,,type_3,market_3
2022-01-04,28.0,1.0,,,,,1.0,2.0,type_2,market_3
2022-02-20,6.0,3.0,,6.0,2.0,,1.0,,type_3,market_3
2022-01-06,14.0,1.0,1.0,,1.0,,2.0,3.0,type_3,market_3
2022-03-04,24.0,1.0,1.0,2.0,,,2.0,2.0,type_2,market_3
2022-02-06,5.0,2.0,1.0,,2.0,1.0,,,type_3,market_3
2022-02-14,21.0,3.0,,1.0,1.0,,1.0,,type_3,market_3
2022-02-28,,,,,,,,,type_4,market_3
2022-01-16,5.0,0.0,0.0,0.0,0.0,0.0,0.0,0.0,type_1,market_3
2022-03-31,29.0,3.0,2.0,1.0,1.0,,,,type_2,market_3
2022-01-22,8.0,5.0,5.0,4.0,9.0,6.0,4.0,4.0,type_1,market_3
2022-01-22,7.0,,1.0,,,2.0,,1.0,type_3,market_3
2022-02-23,259.0,4.0,2.0,3.0,2.0,3.0,7.0,11.0,type_5,market_3
2022-03-09,33.0,2.0,,,1.0,2.0,2.0,3.0,type_2,market_3
2022-03-18,27.0,2.0,,3.0,,2.0,1.0,,type_2,market_3
2022-02-11,3.0,,,,,,,1.0,type_4,market_3
2022-02-20,27.0,1.0,,1.0,1.0,,1.0,,type_2,market_3
2022-02-02,28.0,,2.0,1.0,1.0,1.0,,1.0,type_2,market_3
2022-01-28,17.0,,1.0,1.0,1.0,2.0,1.0,1.0,type_3,market_3
2022-03-11,,,1.0,1.0,,,,,type_4,market_3
2022-02-04,8.0,4.0,2.0,2.0,4.0,4.0,7.0,3.0,type_1,market_3
2022-02-10,15.0,5.0,4.0,10.0,4.0,4.0,4.0,5.0,type_1,market_3
2022-02-16,,,1.0,,,,,,type_4,market_3
2022-03-28,,,,,,,,,type_4,market_3
2022-01-25,6.0,9.0,6.0,3.0,4.0,6.0,9.0,8.0,type_1,market_3
2022-01-20,5.0,0.0,0.0,0.0,0.0,0.0,0.0,0.0,type_1,market_3
2022-01-08,,,1.0,,,,,,type_4,market_3
2022-03-13,4.0,0.0,0.0,0.0,0.0,0.0,0.0,0.0,type_1,market_3
2022-02-22,14.0,5.0,0.0,6.0,3.0,5.0,12.0,1.0,type_1,market_3
2022-03-14,5.0,0.0,1.0,0.0,0.0,0.0,0.0,1.0,type_1,market_3
2022-02-03,12.0,1.0,,,,1.0,,,type_3,market_3
2022-01-01,1.0,,,,,,,,type_4,market_3
2022-02-24,23.0,2.0,1.0,,,1.0,1.0,,type_2,market_3
2022-03-20,5.0,,1.0,1.0,,,,,type_3,market_3
2022-01-02,,,,,,,,,type_4,market_3
2022-01-11,3.0,2.0,1.0,2.0,0.0,1.0,0.0,0.0,type_1,market_3
2022-01-17,40.0,4.0,1.0,3.0,,2.0,,,type_2,market_3
2022-03-03,46.0,,1.0,,2.0,3.0,1.0,,type_2,market_3
2022-01-22,,,,,,,,,type_4,market_3
2022-02-26,63.0,7.0,7.0,2.0,,3.0,5.0,5.0,type_5,market_3
2022-03-17,4.0,1.0,0.0,0.0,0.0,0.0,0.0,1.0,type_1,market_3
2022-01-29,112.0,10.0,6.0,4.0,,1.0,2.0,1.0,type_5,market_3
2022-01-09,2.0,1.0,,2.0,,1.0,,,type_3,market_3
2022-02-17,285.0,138.0,12.0,,2.0,7.0,3.0,3.0,type_5,market_3
2022-02-23,14.0,1.0,,,,,,2.0,type_3,market_3
2022-01-18,,,,,,,,,type_4,market_3
2022-03-06,5.0,3.0,,,1.0,1.0,3.0,2.0,type_3,market_3
2022-01-31,87.0,13.0,1.0,,3.0,1.0,,2.0,type_5,market_3
2022-03-26,,,,,,,,,type_4,market_3
2022-01-05,131.0,25.0,3.0,1.0,,3.0,3.0,2.0,type_5,market_3
2022-02-20,5.0,3.0,8.0,3.0,0.0,6.0,3.0,5.0,type_1,market_3
2022-03-03,168.0,25.0,11.0,11.0,27.0,4.0,4.0,1.0,type_5,market_3
2022-01-17,58.0,5.0,5.0,1.0,7.0,2.0,,3.0,type_5,market_3
2022-01-16,7.0,1.0,,,,,,,type_3,market_3
2022-01-24,32.0,,,1.0,,,3.0,1.0,type_2,market_3
2022-01-02,14.0,,,2.0,,,,,type_2,market_3
2022-02-10,8.0,1.0,,,3.0,1.0,3.0,1.0,type_3,market_3
2022-02-13,189.0,60.0,24.0,10.0,5.0,5.0,7.0,1.0,type_5,market_3
2022-02-27,,,,,,,,,type_4,market_3
2022-02-04,12.0,3.0,2.0,1.0,,1.0,,,type_3,market_3
2022-01-07,9.0,2.0,,3.0,1.0,,2.0,,type_3,market_3
2022-01-14,11.0,0.0,0.0,0.0,0.0,0.0,0.0,0.0,type_1,market_3
2022-03-03,10.0,1.0,,1.0,1.0,1.0,1.0,4.0,type_3,market_3
2022-03-22,19.0,,1.0,,,1.0,1.0,,type_2,market_3
2022-01-24,8.0,4.0,9.0,6.0,4.0,4.0,7.0,8.0,type_1,market_3
2022-02-04,104.0,7.0,4.0,8.0,7.0,4.0,4.0,5.0,type_5,market_3
2022-02-13,1.0,1.0,,,,1.0,,,type_4,market_3
2022-01-11,24.0,2.0,,,1.0,1.0,,1.0,type_2,market_3
2022-02-26,7.0,5.0,14.0,1.0,3.0,2.0,5.0,0.0,type_1,market_3
2022-01-28,3.0,,,,,,,,type_4,market_3
2022-02-01,14.0,5.0,5.0,5.0,4.0,2.0,1.0,4.0,type_1,market_3
2022-02-06,39.0,4.0,2.0,2.0,1.0,1.0,3.0,2.0,type_5,market_3
2022-03-26,55.0,9.0,12.0,10.0,2.0,5.0,2.0,2.0,type_5,market_3
2022-02-24,3.0,,,,,,,,type_4,market_3
2022-03-25,16.0,3.0,1.0,4.0,1.0,1.0,1.0,,type_3,market_3
2022-03-18,3.0,0.0,0.0,0.0,1.0,0.0,0.0,0.0,type_1,market_3
2022-02-28,37.0,3.0,1.0,1.0,,1.0,,,type_2,market_3
2022-02-18,27.0,1.0,1.0,3.0,2.0,,2.0,,type_2,market_3
2022-02-20,,,,,,,,,type_4,market_3
2022-03-21,12.0,1.0,,1.0,1.0,1.0,,,type_3,market_3
2022-03-19,,1.0,0.0,0.0,0.0,0.0,0.0,0.0,type_1,market_3
2022-01-01,7.0,,,1.0,,,,,type_2,market_3
2022-03-25,525.0,13.0,5.0,9.0,8.0,2.0,15.0,1.0,type_5,market_3
2022-03-24,1.0,,,,,,,,type_4,market_3
2022-02-22,41.0,1.0,1.0,,1.0,1.0,1.0,,type_2,market_3
2022-02-23,8.0,0.0,6.0,3.0,5.0,12.0,1.0,3.0,type_1,market_3
2022-03-12,11.0,4.0,4.0,5.0,1.0,,,,type_3,market_3
2022-01-24,12.0,1.0,1.0,2.0,2.0,1.0,1.0,2.0,type_3,market_3
2022-02-22,2.0,1.0,,,,,,1.0,type_4,market_3
2022-03-16,11.0,2.0,0.0,0.0,0.0,0.0,0.0,0.0,type_1,market_3
2022-01-18,68.0,5.0,4.0,2.0,2.0,2.0,7.0,1.0,type_5,market_3
2022-03-29,,1.0,,,,,,,type_4,market_3
2022-03-08,6.0,0.0,1.0,1.0,1.0,0.0,0.0,1.0,type_1,market_3
2022-01-23,43.0,4.0,3.0,2.0,,2.0,4.0,,type_5,market_3
2022-03-04,14.0,2.0,1.0,1.0,,5.0,5.0,5.0,type_3,market_3
2022-01-28,474.0,12.0,4.0,13.0,11.0,6.0,3.0,6.0,type_5,market_3
2022-03-28,24.0,3.0,4.0,3.0,1.0,1.0,,,type_3,market_3
2022-03-26,10.0,1.0,3.0,1.0,2.0,2.0,1.0,2.0,type_3,market_3
2022-03-31,22.0,1.0,1.0,,1.0,,,1.0,type_3,market_3
2022-01-15,2.0,0.0,0.0,0.0,0.0,0.0,1.0,0.0,type_1,market_3
2022-03-10,14.0,8.0,3.0,2.0,2.0,7.0,3.0,2.0,type_3,market_3
2022-01-10,12.0,1.0,4.0,4.0,1.0,1.0,1.0,,type_3,market_3
2022-03-06,,,,,,,,,type_4,market_3
2022-02-19,81.0,6.0,8.0,7.0,6.0,2.0,1.0,1.0,type_5,market_3
2022-01-30,,,,,,,,,type_4,market_3
2022-03-15,141.0,29.0,12.0,10.0,4.0,7.0,5.0,5.0,type_5,market_3
2022-02-08,2.0,,,,,,,,type_4,market_3
2022-01-31,9.0,3.0,1.0,1.0,1.0,,1.0,1.0,type_3,market_3
